ticker,date,open,high,low,close,volume
AAPL,2025-12-08T18:00:24.190Z,150.00,151.84,147.90,151.09,10494213
AAPL,2025-12-09T18:00:24.190Z,151.09,153.45,150.45,151.15,8783224
AAPL,2025-12-10T18:00:24.190Z,151.15,152.14,148.58,150.55,3559393
AAPL,2025-12-11T18:00:24.190Z,150.55,151.91,148.92,149.37,3428294
AAPL,2025-12-12T18:00:24.190Z,149.37,151.49,147.61,148.71,4917973
AAPL,2025-12-13T18:00:24.190Z,148.71,152.00,146.41,150.03,9045365
AAPL,2025-12-14T18:00:24.190Z,150.03,151.33,145.84,148.70,7352311
AAPL,2025-12-15T18:00:24.190Z,148.70,149.51,148.53,149.02,2489042
AAPL,2025-12-16T18:00:24.190Z,149.02,150.10,146.65,148.61,8747387
AAPL,2025-12-17T18:00:24.190Z,148.61,149.36,147.25,148.01,9538561
AAPL,2025-12-18T18:00:24.190Z,148.01,150.33,146.09,146.65,7930350
AAPL,2025-12-19T18:00:24.190Z,146.65,149.20,145.36,145.74,2407673
AAPL,2025-12-20T18:00:24.190Z,145.74,147.09,144.19,145.25,3588482
AAPL,2025-12-21T18:00:24.190Z,145.25,146.88,145.00,145.20,9083042
AAPL,2025-12-22T18:00:24.190Z,145.20,146.89,144.52,145.77,9111223
AAPL,2025-12-23T18:00:24.190Z,145.77,148.50,142.65,144.97,1233404
AAPL,2025-12-24T18:00:24.190Z,144.97,147.34,143.66,144.92,2449224
AAPL,2025-12-25T18:00:24.190Z,144.92,148.64,143.54,146.14,5697192
AAPL,2025-12-26T18:00:24.190Z,146.14,148.55,145.29,145.40,8863059
AAPL,2025-12-27T18:00:24.190Z,145.40,145.86,143.93,145.63,6355960
AAPL,2025-12-28T18:00:24.190Z,145.63,147.72,144.05,144.84,10055070
AAPL,2025-12-29T18:00:24.190Z,144.84,145.30,141.65,143.48,10505102
AAPL,2025-12-30T18:00:24.190Z,143.48,145.83,141.52,142.36,10736517
AAPL,2025-12-31T18:00:24.190Z,142.36,144.22,142.01,143.09,4319126
AAPL,2026-01-01T18:00:24.190Z,143.09,145.61,142.23,142.29,6541899
AAPL,2026-01-02T18:00:24.190Z,142.29,143.10,141.29,142.29,4140905
AAPL,2026-01-03T18:00:24.190Z,142.29,144.23,139.83,142.56,3474751
AAPL,2026-01-04T18:00:24.190Z,142.56,145.07,139.84,141.67,5444719
AAPL,2026-01-05T18:00:24.190Z,141.67,144.38,140.23,141.49,7982893
AAPL,2026-01-06T18:00:24.190Z,141.49,142.68,139.66,140.59,7043613
AAPL,2026-01-07T18:00:24.190Z,140.59,141.34,137.80,139.29,7193336
AAPL,2026-01-08T18:00:24.190Z,139.29,141.23,138.91,139.76,5308894
AAPL,2026-01-09T18:00:24.190Z,139.76,141.96,136.90,138.48,8172026
AAPL,2026-01-10T18:00:24.190Z,138.48,138.80,135.14,137.35,5890986
AAPL,2026-01-11T18:00:24.190Z,137.35,141.27,137.17,138.51,10729350
AAPL,2026-01-12T18:00:24.190Z,138.51,139.73,137.55,138.07,10183751
AAPL,2026-01-13T18:00:24.190Z,138.07,140.00,136.95,138.30,7138151
AAPL,2026-01-14T18:00:24.190Z,138.30,140.12,137.94,138.13,3479519
AAPL,2026-01-15T18:00:24.190Z,138.13,139.44,135.38,137.52,9889187
AAPL,2026-01-16T18:00:24.190Z,137.52,138.43,136.39,138.17,8877703
AAPL,2026-01-17T18:00:24.190Z,138.17,142.10,137.92,139.59,3121433
AAPL,2026-01-18T18:00:24.190Z,139.59,139.87,138.50,138.62,10415161
AAPL,2026-01-19T18:00:24.190Z,138.62,139.42,135.42,137.37,6843915
AAPL,2026-01-20T18:00:24.190Z,137.37,139.25,136.59,138.20,9482901
AAPL,2026-01-21T18:00:24.190Z,138.20,138.32,136.67,138.30,10933956
AAPL,2026-01-22T18:00:24.190Z,138.30,139.95,136.76,138.25,9749369
AAPL,2026-01-23T18:00:24.190Z,138.25,139.80,135.93,139.61,6318893
AAPL,2026-01-24T18:00:24.190Z,139.61,143.16,139.52,140.86,6370994
AAPL,2026-01-25T18:00:24.190Z,140.86,141.67,140.07,140.58,8255263
AAPL,2026-01-26T18:00:24.190Z,140.58,142.28,137.44,139.82,9685750
AAPL,2026-01-27T18:00:24.190Z,139.82,142.49,138.03,138.69,3580195
AAPL,2026-01-28T18:00:24.190Z,138.69,139.35,137.83,138.38,7764344
AAPL,2026-01-29T18:00:24.190Z,138.38,139.44,138.14,138.92,2707746
AAPL,2026-01-30T18:00:24.190Z,138.92,141.22,137.71,138.08,6650306
AAPL,2026-01-31T18:00:24.190Z,138.08,138.64,135.32,138.42,8708722
AAPL,2026-02-01T18:00:24.190Z,138.42,140.41,135.03,137.52,7836719
AAPL,2026-02-02T18:00:24.190Z,137.52,137.62,133.60,136.29,10894539
AAPL,2026-02-03T18:00:24.190Z,136.29,136.63,134.02,136.15,7634286
AAPL,2026-02-04T18:00:24.190Z,136.15,138.36,135.02,135.46,6848055
AAPL,2026-02-05T18:00:24.190Z,135.46,137.62,132.85,134.63,9857240
AAPL,2026-02-06T18:00:24.190Z,134.63,136.27,132.92,134.83,6099925
AAPL,2026-02-07T18:00:24.190Z,134.83,135.39,134.32,135.36,4266160
AAPL,2026-02-08T18:00:24.190Z,135.36,138.57,133.89,136.37,8709153
AAPL,2026-02-09T18:00:24.190Z,136.37,138.36,133.88,137.70,3713410
AAPL,2026-02-10T18:00:24.190Z,137.70,138.17,136.90,137.21,9746170
AAPL,2026-02-11T18:00:24.190Z,137.21,138.56,136.65,137.50,4778077
AAPL,2026-02-12T18:00:24.190Z,137.50,140.05,134.61,137.29,7811638
AAPL,2026-02-13T18:00:24.190Z,137.29,139.40,134.77,136.07,2762895
AAPL,2026-02-14T18:00:24.190Z,136.07,137.56,133.68,136.01,8729413
AAPL,2026-02-15T18:00:24.190Z,136.01,137.68,134.43,136.92,9912469
AAPL,2026-02-16T18:00:24.190Z,136.92,138.83,136.00,137.77,6639238
AAPL,2026-02-17T18:00:24.190Z,137.77,140.38,135.74,138.36,4945195
AAPL,2026-02-18T18:00:24.190Z,138.36,141.60,137.14,139.61,2402249
AAPL,2026-02-19T18:00:24.190Z,139.61,140.77,137.17,140.57,6381606
AAPL,2026-02-20T18:00:24.190Z,140.57,141.94,139.29,140.67,7735367
AAPL,2026-02-21T18:00:24.190Z,140.67,141.54,137.89,140.97,5451216
AAPL,2026-02-22T18:00:24.190Z,140.97,142.68,138.64,140.75,1419797
AAPL,2026-02-23T18:00:24.190Z,140.75,142.85,139.40,142.03,7866042
AAPL,2026-02-24T18:00:24.190Z,142.03,144.21,139.86,142.82,10578993
AAPL,2026-02-25T18:00:24.190Z,142.82,146.06,141.47,144.11,9321939
AAPL,2026-02-26T18:00:24.190Z,144.11,145.86,143.01,143.95,1259061
AAPL,2026-02-27T18:00:24.190Z,143.95,146.35,141.62,144.62,8481233
AAPL,2026-02-28T18:00:24.190Z,144.62,147.34,143.74,144.11,7938044
AAPL,2026-03-01T18:00:24.190Z,144.11,144.48,143.54,143.91,5408872
AAPL,2026-03-02T18:00:24.190Z,143.91,145.72,141.12,144.17,6035824
AAPL,2026-03-03T18:00:24.190Z,144.17,145.60,143.27,145.01,4941005
AAPL,2026-03-04T18:00:24.190Z,145.01,146.54,143.00,144.21,1716844
AAPL,2026-03-05T18:00:24.190Z,144.21,148.44,142.84,145.67,5248181
AAPL,2026-03-06T18:00:24.190Z,145.67,148.32,142.77,144.51,8151111
AAPL,2026-03-07T18:00:24.190Z,144.51,145.95,142.11,145.52,6209119
AAPL,2026-03-08T18:00:24.190Z,145.52,147.03,142.08,144.49,9900810
AAPL,2026-03-09T18:00:24.190Z,144.49,146.25,142.63,143.60,8792439
AAPL,2026-03-10T18:00:24.190Z,143.60,145.61,141.76,144.43,9218092
AAPL,2026-03-11T18:00:24.190Z,144.43,145.89,141.51,143.50,7954919
AAPL,2026-03-12T18:00:24.190Z,143.50,146.11,139.84,142.43,9702716
AAPL,2026-03-13T18:00:24.190Z,142.43,142.48,140.97,141.11,5424180
AAPL,2026-03-14T18:00:24.190Z,141.11,143.08,140.47,142.50,9013139
AAPL,2026-03-15T18:00:24.190Z,142.50,146.10,140.15,143.50,1431439
AAPL,2026-03-16T18:00:24.190Z,143.50,144.79,140.68,144.19,1650089
AAPL,2026-03-17T18:00:24.190Z,144.19,146.33,143.19,143.43,7032212
AAPL,2026-03-18T18:00:24.190Z,143.43,144.62,140.00,142.57,2013208
AAPL,2026-03-19T18:00:24.190Z,142.57,142.81,141.36,141.56,4135676
AAPL,2026-03-20T18:00:24.190Z,141.56,142.66,137.94,140.34,5418688
AAPL,2026-03-21T18:00:24.190Z,140.34,142.60,138.10,140.50,9178763
AAPL,2026-03-22T18:00:24.190Z,140.50,143.80,138.67,141.39,1186700
AAPL,2026-03-23T18:00:24.190Z,141.39,142.93,139.78,141.43,9208622
AAPL,2026-03-24T18:00:24.190Z,141.43,142.75,141.07,141.59,1932993
AAPL,2026-03-25T18:00:24.190Z,141.59,144.21,141.03,142.43,7977747
AAPL,2026-03-26T18:00:24.190Z,142.43,144.56,141.91,142.10,9117764
AAPL,2026-03-27T18:00:24.190Z,142.10,142.19,140.67,141.24,1025765
AAPL,2026-03-28T18:00:24.190Z,141.24,142.97,139.17,140.65,2132086
AAPL,2026-03-29T18:00:24.190Z,140.65,143.41,140.13,141.25,8255416
AAPL,2026-03-30T18:00:24.190Z,141.25,144.14,139.07,142.57,3027452
AAPL,2026-03-31T18:00:24.190Z,142.57,145.34,140.68,144.00,8932770
AAPL,2026-04-01T18:00:24.190Z,144.00,146.12,140.18,143.02,3643195
AAPL,2026-04-02T18:00:24.190Z,143.02,146.15,141.16,143.30,10949156
AAPL,2026-04-03T18:00:24.190Z,143.30,145.42,142.23,144.75,9153277
AAPL,2026-04-04T18:00:24.190Z,144.75,147.98,143.74,145.09,10710517
AAPL,2026-04-05T18:00:24.190Z,145.09,146.82,144.45,146.22,4110075
AAPL,2026-04-06T18:00:24.190Z,146.22,148.38,143.11,145.77,5160398
AAPL,2026-04-07T18:00:24.190Z,145.77,146.72,143.65,146.09,5601695
AAPL,2026-04-08T18:00:24.190Z,146.09,147.17,144.38,146.25,10847292
AAPL,2026-04-09T18:00:24.190Z,146.25,149.83,144.31,147.48,6734124
AAPL,2026-04-10T18:00:24.190Z,147.48,149.04,146.24,146.49,3163883
AAPL,2026-04-11T18:00:24.190Z,146.49,147.59,145.61,146.75,1854795
AAPL,2026-04-12T18:00:24.190Z,146.75,147.02,144.87,146.33,5821460
AAPL,2026-04-13T18:00:24.190Z,146.33,147.09,144.03,144.95,2006279
AAPL,2026-04-14T18:00:24.190Z,144.95,146.01,142.57,145.21,7939484
AAPL,2026-04-15T18:00:24.190Z,145.21,146.90,144.09,145.01,4444588
AAPL,2026-04-16T18:00:24.190Z,145.01,147.72,144.87,146.47,5636069
AAPL,2026-04-17T18:00:24.190Z,146.47,149.50,143.91,147.78,1773176
AAPL,2026-04-18T18:00:24.190Z,147.78,149.97,147.43,148.91,10344695
AAPL,2026-04-19T18:00:24.190Z,148.91,151.73,147.50,148.31,5506746
AAPL,2026-04-20T18:00:24.190Z,148.31,151.19,147.23,149.57,2333742
AAPL,2026-04-21T18:00:24.190Z,149.57,152.48,146.85,149.23,8014575
AAPL,2026-04-22T18:00:24.190Z,149.23,152.74,148.23,150.22,7540427
AAPL,2026-04-23T18:00:24.190Z,150.22,153.04,148.08,149.53,2929412
AAPL,2026-04-24T18:00:24.190Z,149.53,151.18,148.29,148.99,8497343
AAPL,2026-04-25T18:00:24.190Z,148.99,150.52,148.44,149.72,7910223
AAPL,2026-04-26T18:00:24.190Z,149.72,152.55,147.42,149.61,7261514
AAPL,2026-04-27T18:00:24.190Z,149.61,150.99,149.52,150.78,8445371
AAPL,2026-04-28T18:00:24.190Z,150.78,150.86,149.22,149.65,1030650
AAPL,2026-04-29T18:00:24.190Z,149.65,151.91,149.19,151.02,4499805
AAPL,2026-04-30T18:00:24.190Z,151.02,154.04,147.94,149.98,2566903
AAPL,2026-05-01T18:00:24.190Z,149.98,152.05,149.24,151.45,9134891
AAPL,2026-05-02T18:00:24.190Z,151.45,154.27,150.05,152.90,7633648
AAPL,2026-05-03T18:00:24.190Z,152.90,153.53,149.01,151.77,6475262
AAPL,2026-05-04T18:00:24.190Z,151.77,153.42,149.38,150.32,6272528
AAPL,2026-05-05T18:00:24.190Z,150.32,151.84,148.53,149.51,7241138
AAPL,2026-05-06T18:00:24.190Z,149.51,151.24,147.17,150.22,1433567
AAPL,2026-05-07T18:00:24.190Z,150.22,153.11,146.51,148.82,6469163
AAPL,2026-05-08T18:00:24.190Z,148.82,151.76,147.56,148.52,9154431
AAPL,2026-05-09T18:00:24.190Z,148.52,151.32,146.95,147.97,10372541
AAPL,2026-05-10T18:00:24.190Z,147.97,150.53,144.44,146.68,9090735
AAPL,2026-05-11T18:00:24.190Z,146.68,147.57,146.62,147.38,7961232
AAPL,2026-05-12T18:00:24.190Z,147.38,149.87,144.97,146.61,1093600
AAPL,2026-05-13T18:00:24.190Z,146.61,149.05,143.23,145.76,4988945
AAPL,2026-05-14T18:00:24.190Z,145.76,147.70,143.05,145.57,3825493
AAPL,2026-05-15T18:00:24.190Z,145.57,146.95,144.67,146.52,9524087
AAPL,2026-05-16T18:00:24.190Z,146.52,149.72,143.74,146.95,1640223
AAPL,2026-05-17T18:00:24.190Z,146.95,149.59,145.29,146.32,3283779
AAPL,2026-05-18T18:00:24.190Z,146.32,147.10,144.64,147.08,3954708
AAPL,2026-05-19T18:00:24.190Z,147.08,149.81,146.27,146.70,5228136
AAPL,2026-05-20T18:00:24.190Z,146.70,147.38,145.51,146.54,1187712
AAPL,2026-05-21T18:00:24.190Z,146.54,147.84,146.51,147.22,3384282
AAPL,2026-05-22T18:00:24.190Z,147.22,150.30,146.06,148.06,1170982
AAPL,2026-05-23T18:00:24.190Z,148.06,150.52,145.97,147.19,4486598
AAPL,2026-05-24T18:00:24.190Z,147.19,149.67,144.39,146.48,6974655
AAPL,2026-05-25T18:00:24.190Z,146.48,147.28,144.32,146.21,6242692
AAPL,2026-05-26T18:00:24.190Z,146.21,147.11,143.30,145.71,7101220
AAPL,2026-05-27T18:00:24.190Z,145.71,148.04,143.87,144.42,2928186
AAPL,2026-05-28T18:00:24.190Z,144.42,144.43,141.87,143.16,2669163
AAPL,2026-05-29T18:00:24.190Z,143.16,145.25,141.80,142.77,2908921
AAPL,2026-05-30T18:00:24.190Z,142.77,145.05,139.72,141.94,9092118
AAPL,2026-05-31T18:00:24.190Z,141.94,143.50,140.53,140.76,3797623
AAPL,2026-06-01T18:00:24.190Z,140.76,141.80,140.23,141.09,5804182
AAPL,2026-06-02T18:00:24.190Z,141.09,142.72,138.96,140.61,4752264
AAPL,2026-06-03T18:00:24.190Z,140.61,143.67,138.40,141.13,1547687
AAPL,2026-06-04T18:00:24.190Z,141.13,143.54,139.61,140.91,7248108
AAPL,2026-06-05T18:00:24.190Z,140.91,143.76,138.40,141.72,2637084
AAPL,2026-06-06T18:00:24.190Z,141.72,144.48,140.62,140.77,10110655
AAPL,2026-06-07T18:00:24.190Z,140.77,143.02,138.86,140.34,3341716
AAPL,2026-06-08T18:00:24.190Z,140.34,141.00,138.78,139.35,10237305
AAPL,2026-06-09T18:00:24.190Z,139.35,141.60,138.88,138.99,2082951
AAPL,2026-06-10T18:00:24.190Z,138.99,141.74,136.87,138.52,7903439
AAPL,2026-06-11T18:00:24.190Z,138.52,139.19,135.51,138.09,2455376
AAPL,2026-06-12T18:00:24.190Z,138.09,139.81,136.13,138.77,1176392
AAPL,2026-06-13T18:00:24.190Z,138.77,142.03,137.83,139.79,2584284
AAPL,2026-06-14T18:00:24.190Z,139.79,141.56,137.70,140.66,9981887
AAPL,2026-06-15T18:00:24.190Z,140.66,142.28,140.28,140.97,3355341
AAPL,2026-06-16T18:00:24.190Z,140.97,141.85,137.46,140.12,2227301
AAPL,2026-06-17T18:00:24.190Z,140.12,142.51,138.76,139.22,5562409
AAPL,2026-06-18T18:00:24.190Z,139.22,139.93,138.13,139.92,10877594
AAPL,2026-06-19T18:00:24.190Z,139.92,141.21,138.23,139.96,4773364
AAPL,2026-06-20T18:00:24.190Z,139.96,142.42,138.12,139.94,5017707
AAPL,2026-06-21T18:00:24.190Z,139.94,142.26,138.91,140.86,8133277
AAPL,2026-06-22T18:00:24.190Z,140.86,142.93,138.59,140.78,5616025
AAPL,2026-06-23T18:00:24.190Z,140.78,142.74,138.07,141.85,2033866
AAPL,2026-06-24T18:00:24.190Z,141.85,142.31,139.19,141.80,6225311
AAPL,2026-06-25T18:00:24.190Z,141.80,143.31,140.89,143.22,2494531
AAPL,2026-06-26T18:00:24.190Z,143.22,145.73,141.58,144.01,10958785
AAPL,2026-06-27T18:00:24.190Z,144.01,144.80,142.47,143.34,8856017
AAPL,2026-06-28T18:00:24.190Z,143.34,144.37,141.10,142.10,3551309
AAPL,2026-06-29T18:00:24.190Z,142.10,143.60,139.55,142.19,6372909
AAPL,2026-06-30T18:00:24.190Z,142.19,144.31,141.14,142.16,7295227
AAPL,2026-07-01T18:00:24.190Z,142.16,144.52,139.96,143.30,6875634
AAPL,2026-07-02T18:00:24.190Z,143.30,143.63,141.55,142.62,8469313
AAPL,2026-07-03T18:00:24.190Z,142.62,143.22,139.63,142.13,2663070
AAPL,2026-07-04T18:00:24.190Z,142.13,142.86,139.56,141.22,9308371
AAPL,2026-07-05T18:00:24.190Z,141.22,144.39,138.51,142.20,3768699
AAPL,2026-07-06T18:00:24.190Z,142.20,144.26,138.72,141.13,3276379
AAPL,2026-07-07T18:00:24.190Z,141.13,142.19,140.99,141.87,2304885
AAPL,2026-07-08T18:00:24.190Z,141.87,143.94,140.98,142.88,2254380
AAPL,2026-07-09T18:00:24.190Z,142.88,144.79,141.73,142.23,3808590
AAPL,2026-07-10T18:00:24.190Z,142.23,144.21,139.46,143.30,4355530
AAPL,2026-07-11T18:00:24.190Z,143.30,145.12,141.77,144.58,10958372
AAPL,2026-07-12T18:00:24.190Z,144.58,146.84,142.80,143.88,7116240
AAPL,2026-07-13T18:00:24.190Z,143.88,146.34,142.09,143.68,10046434
AAPL,2026-07-14T18:00:24.190Z,143.68,144.91,141.36,143.35,9292800
AAPL,2026-07-15T18:00:24.190Z,143.35,145.87,141.04,142.67,7716383
AAPL,2026-07-16T18:00:24.190Z,142.67,143.00,140.92,142.63,6393072
AAPL,2026-07-17T18:00:24.190Z,142.63,144.90,140.96,143.79,2704665
AAPL,2026-07-18T18:00:24.190Z,143.79,145.96,141.66,144.10,7444926
AAPL,2026-07-19T18:00:24.190Z,144.10,145.14,143.42,144.61,2369427
AAPL,2026-07-20T18:00:24.190Z,144.61,144.68,143.32,143.86,8562037
AAPL,2026-07-21T18:00:24.190Z,143.86,144.18,142.15,143.09,3487893
AAPL,2026-07-22T18:00:24.190Z,143.09,146.35,142.31,143.96,5501094
AAPL,2026-07-23T18:00:24.190Z,143.96,145.45,141.84,143.11,9738332
AAPL,2026-07-24T18:00:24.190Z,143.11,145.89,140.36,143.88,7349470
AAPL,2026-07-25T18:00:24.190Z,143.88,144.03,140.97,143.09,8989667
AAPL,2026-07-26T18:00:24.190Z,143.09,145.64,140.65,141.78,4933645
AAPL,2026-07-27T18:00:24.190Z,141.78,145.02,140.17,142.68,7533126
AAPL,2026-07-28T18:00:24.190Z,142.68,143.39,141.46,142.55,9954573
AAPL,2026-07-29T18:00:24.190Z,142.55,144.63,141.80,141.85,4162505
AAPL,2026-07-30T18:00:24.190Z,141.85,145.59,139.58,142.76,2978075
AAPL,2026-07-31T18:00:24.190Z,142.76,143.71,142.39,142.74,7523909
AAPL,2026-08-01T18:00:24.190Z,142.74,143.91,140.85,143.72,9631930
AAPL,2026-08-02T18:00:24.190Z,143.72,144.00,142.47,142.54,7189546
AAPL,2026-08-03T18:00:24.190Z,142.54,142.75,139.89,142.38,6786525
AAPL,2026-08-04T18:00:24.190Z,142.38,145.11,142.21,142.89,7955823
AAPL,2026-08-05T18:00:24.190Z,142.89,145.34,142.64,142.90,5607900
AAPL,2026-08-06T18:00:24.190Z,142.90,145.36,141.13,143.58,9768948
AAPL,2026-08-07T18:00:24.190Z,143.58,145.10,141.98,143.92,5577316
AAPL,2026-08-08T18:00:24.190Z,143.92,144.87,141.38,143.79,3146282
AAPL,2026-08-09T18:00:24.190Z,143.79,146.42,142.76,145.12,4948715
AAPL,2026-08-10T18:00:24.190Z,145.12,147.13,144.59,145.21,3012887
AAPL,2026-08-11T18:00:24.190Z,145.21,145.29,141.61,144.42,7929499
AAPL,2026-08-12T18:00:24.190Z,144.42,146.89,143.74,144.10,8265208
AAPL,2026-08-13T18:00:24.190Z,144.10,147.18,141.34,145.15,3100068
AAPL,2026-08-14T18:00:24.190Z,145.15,147.09,143.08,146.01,5684239
AAPL,2026-08-15T18:00:24.190Z,146.01,148.56,143.68,144.88,4728950
AAPL,2026-08-16T18:00:24.190Z,144.88,146.44,143.66,144.69,3319758
AAPL,2026-08-17T18:00:24.190Z,144.69,148.70,142.87,146.02,9421881
AAPL,2026-08-18T18:00:24.190Z,146.02,148.43,144.44,146.91,8646321
AAPL,2026-08-19T18:00:24.190Z,146.91,148.18,146.79,147.23,3909465
AAPL,2026-08-20T18:00:24.190Z,147.23,149.73,144.89,146.54,8962086
AAPL,2026-08-21T18:00:24.190Z,146.54,149.31,144.16,146.80,1649152
AAPL,2026-08-22T18:00:24.190Z,146.80,149.29,144.18,147.91,4464942
AAPL,2026-08-23T18:00:24.190Z,147.91,150.43,144.79,147.01,3409873
AAPL,2026-08-24T18:00:24.190Z,147.01,148.47,144.28,148.26,1308538
AAPL,2026-08-25T18:00:24.190Z,148.26,150.82,145.39,149.72,10523595
AAPL,2026-08-26T18:00:24.190Z,149.72,151.97,147.22,150.68,9789829
AAPL,2026-08-27T18:00:24.190Z,150.68,154.64,148.24,151.99,2124246
AAPL,2026-08-28T18:00:24.190Z,151.99,152.64,149.60,152.29,2906691
AAPL,2026-08-29T18:00:24.190Z,152.29,152.62,150.30,151.76,9082683
AAPL,2026-08-30T18:00:24.190Z,151.76,153.37,148.78,151.75,6091676
AAPL,2026-08-31T18:00:24.190Z,151.75,152.11,150.24,151.20,6290590
AAPL,2026-09-01T18:00:24.190Z,151.20,154.45,149.22,152.01,3922617
AAPL,2026-09-02T18:00:24.190Z,152.01,153.45,151.07,151.65,10767262
AAPL,2026-09-03T18:00:24.190Z,151.65,155.05,149.46,152.35,7168553
AAPL,2026-09-04T18:00:24.190Z,152.35,155.77,150.77,153.84,8647497
AAPL,2026-09-05T18:00:24.190Z,153.84,156.89,153.05,155.36,9413917
AAPL,2026-09-06T18:00:24.190Z,155.36,156.68,150.92,153.99,9831502
AAPL,2026-09-07T18:00:24.190Z,153.99,156.76,152.20,152.52,10729091
AAPL,2026-09-08T18:00:24.190Z,152.52,154.38,150.58,151.96,2729616
AAPL,2026-09-09T18:00:24.190Z,151.96,155.09,150.18,152.47,6542797
AAPL,2026-09-10T18:00:24.190Z,152.47,156.02,150.91,153.43,10095538
AAPL,2026-09-11T18:00:24.190Z,153.43,154.02,150.94,153.58,6018593
AAPL,2026-09-12T18:00:24.190Z,153.58,156.16,152.25,154.09,2660284
AAPL,2026-09-13T18:00:24.190Z,154.09,154.65,151.66,152.93,4146853
AAPL,2026-09-14T18:00:24.190Z,152.93,155.82,151.96,153.21,9225251
AAPL,2026-09-15T18:00:24.190Z,153.21,154.17,150.34,152.29,4833484
AAPL,2026-09-16T18:00:24.190Z,152.29,152.65,151.15,152.27,7401860
AAPL,2026-09-17T18:00:24.190Z,152.27,153.58,149.79,152.88,5741822
AAPL,2026-09-18T18:00:24.190Z,152.88,155.14,149.71,151.83,5457771
AAPL,2026-09-19T18:00:24.190Z,151.83,153.58,150.92,153.16,7957504
AAPL,2026-09-20T18:00:24.190Z,153.16,156.58,152.89,154.37,2869498
AAPL,2026-09-21T18:00:24.190Z,154.37,156.63,152.30,154.25,8656372
AAPL,2026-09-22T18:00:24.190Z,154.25,156.36,151.73,154.14,7517342
AAPL,2026-09-23T18:00:24.190Z,154.14,155.16,153.00,154.24,8684205
AAPL,2026-09-24T18:00:24.190Z,154.24,157.01,153.58,154.76,4009249
AAPL,2026-09-25T18:00:24.190Z,154.76,156.57,153.61,155.24,8515012
AAPL,2026-09-26T18:00:24.190Z,155.24,157.92,153.61,156.20,3645400
AAPL,2026-09-27T18:00:24.190Z,156.20,158.41,155.17,155.76,1779906
AAPL,2026-09-28T18:00:24.190Z,155.76,157.10,155.49,155.71,10424918
AAPL,2026-09-29T18:00:24.190Z,155.71,158.83,155.27,156.31,9760651
AAPL,2026-09-30T18:00:24.190Z,156.31,157.32,155.11,155.78,6014614
AAPL,2026-10-01T18:00:24.190Z,155.78,158.11,155.72,157.33,1203044
AAPL,2026-10-02T18:00:24.190Z,157.33,158.99,156.62,158.69,2067665
AAPL,2026-10-03T18:00:24.190Z,158.69,159.31,156.71,157.58,4945187
AAPL,2026-10-04T18:00:24.190Z,157.58,159.30,154.17,157.29,5685778
GOOG,2025-12-08T18:00:24.190Z,2800.00,2837.69,2769.64,2791.47,8002792
GOOG,2025-12-09T18:00:24.190Z,2791.47,2852.39,2785.29,2799.83,8246184
GOOG,2025-12-10T18:00:24.190Z,2799.83,2852.55,2750.52,2826.79,4449558
GOOG,2025-12-11T18:00:24.190Z,2826.79,2882.96,2796.94,2820.94,9929505
GOOG,2025-12-12T18:00:24.190Z,2820.94,2861.50,2759.01,2812.58,3975910
GOOG,2025-12-13T18:00:24.190Z,2812.58,2855.05,2748.74,2802.43,8255764
GOOG,2025-12-14T18:00:24.190Z,2802.43,2802.68,2783.39,2798.23,4081476
GOOG,2025-12-15T18:00:24.190Z,2798.23,2836.76,2761.10,2808.00,9905287
GOOG,2025-12-16T18:00:24.190Z,2808.00,2847.13,2782.16,2804.03,5780098
GOOG,2025-12-17T18:00:24.190Z,2804.03,2812.81,2758.14,2802.20,10049141
GOOG,2025-12-18T18:00:24.190Z,2802.20,2848.31,2753.10,2826.02,7746280
GOOG,2025-12-19T18:00:24.190Z,2826.02,2831.70,2792.68,2809.43,7856777
GOOG,2025-12-20T18:00:24.190Z,2809.43,2865.80,2800.98,2826.62,10874928
GOOG,2025-12-21T18:00:24.190Z,2826.62,2836.12,2786.13,2801.34,10497563
GOOG,2025-12-22T18:00:24.190Z,2801.34,2857.53,2799.91,2812.38,9231163
GOOG,2025-12-23T18:00:24.190Z,2812.38,2842.83,2765.46,2831.01,5689603
GOOG,2025-12-24T18:00:24.190Z,2831.01,2890.93,2789.69,2850.86,8648057
GOOG,2025-12-25T18:00:24.190Z,2850.86,2891.75,2793.35,2833.36,3220751
GOOG,2025-12-26T18:00:24.190Z,2833.36,2890.07,2832.38,2834.50,7458350
GOOG,2025-12-27T18:00:24.190Z,2834.50,2862.33,2803.18,2846.02,8543453
GOOG,2025-12-28T18:00:24.190Z,2846.02,2896.08,2799.06,2862.49,5467413
GOOG,2025-12-29T18:00:24.190Z,2862.49,2875.60,2811.35,2867.56,5052371
GOOG,2025-12-30T18:00:24.190Z,2867.56,2918.62,2822.30,2887.01,7071842
GOOG,2025-12-31T18:00:24.190Z,2887.01,2898.24,2833.89,2871.44,4671147
GOOG,2026-01-01T18:00:24.190Z,2871.44,2915.44,2827.23,2884.03,10132134
GOOG,2026-01-02T18:00:24.190Z,2884.03,2915.80,2857.42,2870.10,7576178
GOOG,2026-01-03T18:00:24.190Z,2870.10,2906.97,2829.15,2893.50,2663708
GOOG,2026-01-04T18:00:24.190Z,2893.50,2898.99,2861.88,2876.01,3322313
GOOG,2026-01-05T18:00:24.190Z,2876.01,2911.53,2850.42,2898.36,2425608
GOOG,2026-01-06T18:00:24.190Z,2898.36,2952.63,2840.83,2883.99,7831250
GOOG,2026-01-07T18:00:24.190Z,2883.99,2940.65,2863.07,2864.97,4698549
GOOG,2026-01-08T18:00:24.190Z,2864.97,2867.69,2820.46,2850.18,1036341
GOOG,2026-01-09T18:00:24.190Z,2850.18,2878.05,2815.70,2835.49,4554873
GOOG,2026-01-10T18:00:24.190Z,2835.49,2888.32,2769.05,2813.63,9062345
GOOG,2026-01-11T18:00:24.190Z,2813.63,2839.68,2774.42,2819.54,6754439
GOOG,2026-01-12T18:00:24.190Z,2819.54,2887.78,2801.92,2844.06,4348242
GOOG,2026-01-13T18:00:24.190Z,2844.06,2878.47,2826.25,2871.88,2267396
GOOG,2026-01-14T18:00:24.190Z,2871.88,2902.82,2830.70,2892.05,4757523
GOOG,2026-01-15T18:00:24.190Z,2892.05,2915.65,2843.71,2882.21,3718367
GOOG,2026-01-16T18:00:24.190Z,2882.21,2937.07,2860.14,2884.16,6828594
GOOG,2026-01-17T18:00:24.190Z,2884.16,2884.37,2844.84,2879.89,9797873
GOOG,2026-01-18T18:00:24.190Z,2879.89,2922.17,2842.50,2857.35,6336238
GOOG,2026-01-19T18:00:24.190Z,2857.35,2875.98,2847.02,2849.14,8671279
GOOG,2026-01-20T18:00:24.190Z,2849.14,2871.47,2808.48,2860.92,8182765
GOOG,2026-01-21T18:00:24.190Z,2860.92,2895.95,2820.39,2855.71,3938044
GOOG,2026-01-22T18:00:24.190Z,2855.71,2877.89,2839.29,2847.24,9320454
GOOG,2026-01-23T18:00:24.190Z,2847.24,2853.37,2812.18,2847.43,8898154
GOOG,2026-01-24T18:00:24.190Z,2847.43,2858.40,2789.39,2820.41,7174002
GOOG,2026-01-25T18:00:24.190Z,2820.41,2833.51,2763.51,2813.53,9255845
GOOG,2026-01-26T18:00:24.190Z,2813.53,2829.22,2801.81,2804.25,5723974
GOOG,2026-01-27T18:00:24.190Z,2804.25,2812.50,2799.36,2801.71,1391723
GOOG,2026-01-28T18:00:24.190Z,2801.71,2841.57,2754.85,2780.81,10154002
GOOG,2026-01-29T18:00:24.190Z,2780.81,2804.79,2761.49,2763.80,8116972
GOOG,2026-01-30T18:00:24.190Z,2763.80,2781.16,2695.14,2748.54,2750193
GOOG,2026-01-31T18:00:24.190Z,2748.54,2768.84,2724.54,2750.95,5731448
GOOG,2026-02-01T18:00:24.190Z,2750.95,2777.02,2711.56,2756.32,6317318
GOOG,2026-02-02T18:00:24.190Z,2756.32,2805.44,2704.84,2778.44,4571799
GOOG,2026-02-03T18:00:24.190Z,2778.44,2809.05,2715.15,2762.97,9250034
GOOG,2026-02-04T18:00:24.190Z,2762.97,2801.15,2702.48,2752.00,8066464
GOOG,2026-02-05T18:00:24.190Z,2752.00,2804.59,2732.54,2741.59,3346071
GOOG,2026-02-06T18:00:24.190Z,2741.59,2767.73,2723.34,2766.76,3283356
GOOG,2026-02-07T18:00:24.190Z,2766.76,2776.77,2762.32,2774.71,5681615
GOOG,2026-02-08T18:00:24.190Z,2774.71,2808.75,2723.04,2755.95,6736295
GOOG,2026-02-09T18:00:24.190Z,2755.95,2800.57,2705.84,2758.75,8275479
GOOG,2026-02-10T18:00:24.190Z,2758.75,2769.25,2696.06,2748.30,4749411
GOOG,2026-02-11T18:00:24.190Z,2748.30,2755.26,2714.16,2749.12,9961834
GOOG,2026-02-12T18:00:24.190Z,2749.12,2760.81,2710.01,2747.99,3106340
GOOG,2026-02-13T18:00:24.190Z,2747.99,2804.60,2706.60,2774.84,6071525
GOOG,2026-02-14T18:00:24.190Z,2774.84,2828.95,2723.82,2775.79,7086574
GOOG,2026-02-15T18:00:24.190Z,2775.79,2795.67,2751.97,2795.37,1717880
GOOG,2026-02-16T18:00:24.190Z,2795.37,2800.79,2733.64,2778.29,10800607
GOOG,2026-02-17T18:00:24.190Z,2778.29,2780.09,2736.48,2758.42,2977381
GOOG,2026-02-18T18:00:24.190Z,2758.42,2778.26,2722.81,2748.49,3949601
GOOG,2026-02-19T18:00:24.190Z,2748.49,2769.79,2681.32,2727.83,2914150
GOOG,2026-02-20T18:00:24.190Z,2727.83,2769.48,2666.63,2705.76,8646851
GOOG,2026-02-21T18:00:24.190Z,2705.76,2746.06,2682.40,2696.26,1646940
GOOG,2026-02-22T18:00:24.190Z,2696.26,2711.69,2641.26,2688.71,1526954
GOOG,2026-02-23T18:00:24.190Z,2688.71,2724.06,2650.67,2712.33,7093131
GOOG,2026-02-24T18:00:24.190Z,2712.33,2762.02,2669.82,2709.34,5056864
GOOG,2026-02-25T18:00:24.190Z,2709.34,2711.29,2662.56,2708.42,1634340
GOOG,2026-02-26T18:00:24.190Z,2708.42,2746.75,2687.35,2690.61,7384032
GOOG,2026-02-27T18:00:24.190Z,2690.61,2709.94,2661.44,2709.16,5893329
GOOG,2026-02-28T18:00:24.190Z,2709.16,2744.79,2663.97,2722.34,3257368
GOOG,2026-03-01T18:00:24.190Z,2722.34,2751.95,2677.92,2724.72,6247209
GOOG,2026-03-02T18:00:24.190Z,2724.72,2728.59,2649.40,2701.21,10386952
GOOG,2026-03-03T18:00:24.190Z,2701.21,2741.77,2655.61,2700.25,8104127
GOOG,2026-03-04T18:00:24.190Z,2700.25,2739.51,2651.24,2704.78,10250573
GOOG,2026-03-05T18:00:24.190Z,2704.78,2710.67,2650.01,2681.61,1171343
GOOG,2026-03-06T18:00:24.190Z,2681.61,2758.78,2639.51,2706.41,2782239
GOOG,2026-03-07T18:00:24.190Z,2706.41,2738.86,2666.29,2724.13,8930473
GOOG,2026-03-08T18:00:24.190Z,2724.13,2787.38,2710.27,2734.99,10333741
GOOG,2026-03-09T18:00:24.190Z,2734.99,2759.92,2695.77,2743.04,10333457
GOOG,2026-03-10T18:00:24.190Z,2743.04,2755.10,2709.21,2721.76,2454546
GOOG,2026-03-11T18:00:24.190Z,2721.76,2749.92,2684.71,2724.64,8853534
GOOG,2026-03-12T18:00:24.190Z,2724.64,2765.48,2696.82,2729.39,1944970
GOOG,2026-03-13T18:00:24.190Z,2729.39,2767.49,2682.93,2748.83,5789304
GOOG,2026-03-14T18:00:24.190Z,2748.83,2794.93,2701.25,2755.97,4847001
GOOG,2026-03-15T18:00:24.190Z,2755.97,2787.60,2711.58,2768.53,7966613
GOOG,2026-03-16T18:00:24.190Z,2768.53,2820.94,2696.13,2742.76,10937291
GOOG,2026-03-17T18:00:24.190Z,2742.76,2745.95,2686.67,2721.13,6054043
GOOG,2026-03-18T18:00:24.190Z,2721.13,2743.12,2686.41,2732.31,1418210
GOOG,2026-03-19T18:00:24.190Z,2732.31,2734.47,2691.17,2707.58,10623108
GOOG,2026-03-20T18:00:24.190Z,2707.58,2731.02,2660.47,2693.04,5174827
GOOG,2026-03-21T18:00:24.190Z,2693.04,2721.52,2657.91,2704.62,10385232
GOOG,2026-03-22T18:00:24.190Z,2704.62,2708.56,2655.56,2706.27,8520704
GOOG,2026-03-23T18:00:24.190Z,2706.27,2753.12,2693.36,2720.96,7915593
GOOG,2026-03-24T18:00:24.190Z,2720.96,2784.80,2714.47,2745.63,2813991
GOOG,2026-03-25T18:00:24.190Z,2745.63,2785.41,2730.61,2752.80,10714701
GOOG,2026-03-26T18:00:24.190Z,2752.80,2813.84,2726.49,2780.57,2225004
GOOG,2026-03-27T18:00:24.190Z,2780.57,2788.99,2763.06,2780.88,7464509
GOOG,2026-03-28T18:00:24.190Z,2780.88,2820.61,2737.16,2769.39,9630462
GOOG,2026-03-29T18:00:24.190Z,2769.39,2780.16,2727.21,2746.89,7697193
GOOG,2026-03-30T18:00:24.190Z,2746.89,2788.69,2687.40,2737.16,3380358
GOOG,2026-03-31T18:00:24.190Z,2737.16,2752.52,2695.36,2732.59,4934950
GOOG,2026-04-01T18:00:24.190Z,2732.59,2779.73,2729.16,2755.93,5791154
GOOG,2026-04-02T18:00:24.190Z,2755.93,2823.78,2750.62,2775.12,1944364
GOOG,2026-04-03T18:00:24.190Z,2775.12,2802.08,2727.20,2795.94,6810524
GOOG,2026-04-04T18:00:24.190Z,2795.94,2809.33,2748.23,2776.34,6115451
GOOG,2026-04-05T18:00:24.190Z,2776.34,2787.27,2742.58,2769.05,2880262
GOOG,2026-04-06T18:00:24.190Z,2769.05,2799.77,2717.19,2745.36,2589299
GOOG,2026-04-07T18:00:24.190Z,2745.36,2776.02,2730.11,2735.97,8383838
GOOG,2026-04-08T18:00:24.190Z,2735.97,2776.40,2674.26,2723.35,6168253
GOOG,2026-04-09T18:00:24.190Z,2723.35,2727.99,2687.61,2700.07,6198861
GOOG,2026-04-10T18:00:24.190Z,2700.07,2765.79,2669.29,2726.51,5972492
GOOG,2026-04-11T18:00:24.190Z,2726.51,2765.10,2710.62,2737.23,9202888
GOOG,2026-04-12T18:00:24.190Z,2737.23,2758.65,2717.21,2744.67,2688957
GOOG,2026-04-13T18:00:24.190Z,2744.67,2798.57,2712.64,2734.94,7466073
GOOG,2026-04-14T18:00:24.190Z,2734.94,2767.26,2693.49,2710.26,2329742
GOOG,2026-04-15T18:00:24.190Z,2710.26,2720.18,2685.08,2697.04,9187106
GOOG,2026-04-16T18:00:24.190Z,2697.04,2727.23,2662.94,2718.53,8067752
GOOG,2026-04-17T18:00:24.190Z,2718.53,2731.22,2696.63,2710.88,2166035
GOOG,2026-04-18T18:00:24.190Z,2710.88,2731.73,2709.17,2713.81,7044998
GOOG,2026-04-19T18:00:24.190Z,2713.81,2722.61,2701.83,2720.26,5506028
GOOG,2026-04-20T18:00:24.190Z,2720.26,2759.00,2676.90,2745.92,7514212
GOOG,2026-04-21T18:00:24.190Z,2745.92,2759.77,2723.75,2735.09,2876009
GOOG,2026-04-22T18:00:24.190Z,2735.09,2741.25,2706.16,2734.00,6901646
GOOG,2026-04-23T18:00:24.190Z,2734.00,2765.57,2674.00,2708.55,9325119
GOOG,2026-04-24T18:00:24.190Z,2708.55,2765.67,2699.75,2716.85,8042019
GOOG,2026-04-25T18:00:24.190Z,2716.85,2727.47,2659.39,2704.34,1524716
GOOG,2026-04-26T18:00:24.190Z,2704.34,2784.27,2659.45,2729.72,10716252
GOOG,2026-04-27T18:00:24.190Z,2729.72,2741.29,2668.30,2719.17,7227055
GOOG,2026-04-28T18:00:24.190Z,2719.17,2750.13,2684.06,2719.18,3976882
GOOG,2026-04-29T18:00:24.190Z,2719.18,2778.23,2686.51,2743.35,5593453
GOOG,2026-04-30T18:00:24.190Z,2743.35,2778.72,2690.80,2766.55,10091528
GOOG,2026-05-01T18:00:24.190Z,2766.55,2784.14,2729.09,2770.54,7567281
GOOG,2026-05-02T18:00:24.190Z,2770.54,2830.58,2730.98,2787.24,4693298
GOOG,2026-05-03T18:00:24.190Z,2787.24,2806.23,2752.33,2766.22,7515726
GOOG,2026-05-04T18:00:24.190Z,2766.22,2813.99,2691.99,2745.59,3736115
GOOG,2026-05-05T18:00:24.190Z,2745.59,2762.72,2711.62,2742.82,8718246
GOOG,2026-05-06T18:00:24.190Z,2742.82,2778.43,2737.53,2743.75,6422373
GOOG,2026-05-07T18:00:24.190Z,2743.75,2762.17,2716.37,2761.38,2235503
GOOG,2026-05-08T18:00:24.190Z,2761.38,2801.25,2698.16,2750.06,8981262
GOOG,2026-05-09T18:00:24.190Z,2750.06,2800.18,2710.24,2734.46,2796561
GOOG,2026-05-10T18:00:24.190Z,2734.46,2779.65,2696.82,2754.83,1907473
GOOG,2026-05-11T18:00:24.190Z,2754.83,2806.95,2709.90,2770.77,2151833
GOOG,2026-05-12T18:00:24.190Z,2770.77,2824.85,2707.71,2756.80,4488734
GOOG,2026-05-13T18:00:24.190Z,2756.80,2799.19,2704.48,2761.26,6536495
GOOG,2026-05-14T18:00:24.190Z,2761.26,2778.13,2708.40,2747.75,1095897
GOOG,2026-05-15T18:00:24.190Z,2747.75,2752.68,2725.85,2736.97,6676935
GOOG,2026-05-16T18:00:24.190Z,2736.97,2757.74,2674.81,2722.54,10224040
GOOG,2026-05-17T18:00:24.190Z,2722.54,2724.03,2691.42,2704.61,2901498
GOOG,2026-05-18T18:00:24.190Z,2704.61,2751.36,2694.86,2708.12,3978829
GOOG,2026-05-19T18:00:24.190Z,2708.12,2722.52,2686.54,2716.94,2952585
GOOG,2026-05-20T18:00:24.190Z,2716.94,2771.21,2684.14,2737.92,1403647
GOOG,2026-05-21T18:00:24.190Z,2737.92,2797.20,2727.32,2744.67,8508301
GOOG,2026-05-22T18:00:24.190Z,2744.67,2781.04,2725.09,2756.57,6395307
GOOG,2026-05-23T18:00:24.190Z,2756.57,2784.63,2753.46,2778.12,5951134
GOOG,2026-05-24T18:00:24.190Z,2778.12,2826.91,2740.16,2760.24,8051074
GOOG,2026-05-25T18:00:24.190Z,2760.24,2817.06,2752.37,2776.75,6953946
GOOG,2026-05-26T18:00:24.190Z,2776.75,2784.67,2735.46,2774.93,4772895
GOOG,2026-05-27T18:00:24.190Z,2774.93,2781.00,2736.79,2774.49,1689154
GOOG,2026-05-28T18:00:24.190Z,2774.49,2810.61,2706.70,2749.45,4244923
GOOG,2026-05-29T18:00:24.190Z,2749.45,2796.37,2699.07,2773.83,2179465
GOOG,2026-05-30T18:00:24.190Z,2773.83,2827.03,2726.26,2762.72,6031197
GOOG,2026-05-31T18:00:24.190Z,2762.72,2812.97,2734.87,2759.97,6890016
GOOG,2026-06-01T18:00:24.190Z,2759.97,2797.59,2734.64,2788.44,4058873
GOOG,2026-06-02T18:00:24.190Z,2788.44,2827.57,2752.96,2762.21,5279764
GOOG,2026-06-03T18:00:24.190Z,2762.21,2798.21,2708.54,2743.82,4860005
GOOG,2026-06-04T18:00:24.190Z,2743.82,2790.65,2716.73,2760.99,9275503
GOOG,2026-06-05T18:00:24.190Z,2760.99,2818.70,2717.81,2779.77,5818655
GOOG,2026-06-06T18:00:24.190Z,2779.77,2821.74,2732.60,2783.92,4712753
GOOG,2026-06-07T18:00:24.190Z,2783.92,2817.55,2770.22,2780.00,1009822
GOOG,2026-06-08T18:00:24.190Z,2780.00,2786.54,2752.47,2779.14,4909980
GOOG,2026-06-09T18:00:24.190Z,2779.14,2792.29,2727.41,2772.51,7151688
GOOG,2026-06-10T18:00:24.190Z,2772.51,2817.29,2699.69,2751.34,4739090
GOOG,2026-06-11T18:00:24.190Z,2751.34,2808.95,2733.17,2774.22,2746929
GOOG,2026-06-12T18:00:24.190Z,2774.22,2797.40,2754.25,2785.09,3814365
GOOG,2026-06-13T18:00:24.190Z,2785.09,2836.11,2743.61,2807.34,6172849
GOOG,2026-06-14T18:00:24.190Z,2807.34,2833.90,2767.89,2830.66,10040066
GOOG,2026-06-15T18:00:24.190Z,2830.66,2830.82,2762.96,2808.40,7584406
GOOG,2026-06-16T18:00:24.190Z,2808.40,2886.48,2780.69,2837.47,5674751
GOOG,2026-06-17T18:00:24.190Z,2837.47,2864.09,2775.81,2811.60,4964747
GOOG,2026-06-18T18:00:24.190Z,2811.60,2839.43,2804.40,2823.43,3041566
GOOG,2026-06-19T18:00:24.190Z,2823.43,2831.37,2772.75,2826.97,9789648
GOOG,2026-06-20T18:00:24.190Z,2826.97,2848.96,2777.97,2839.95,10601544
GOOG,2026-06-21T18:00:24.190Z,2839.95,2847.18,2770.72,2820.80,3980493
GOOG,2026-06-22T18:00:24.190Z,2820.80,2830.61,2802.66,2823.71,9012448
GOOG,2026-06-23T18:00:24.190Z,2823.71,2876.82,2820.53,2850.71,8359705
GOOG,2026-06-24T18:00:24.190Z,2850.71,2856.72,2849.92,2856.10,2693499
GOOG,2026-06-25T18:00:24.190Z,2856.10,2902.19,2810.37,2866.27,7326357
GOOG,2026-06-26T18:00:24.190Z,2866.27,2892.73,2825.19,2876.69,7944264
GOOG,2026-06-27T18:00:24.190Z,2876.69,2918.36,2840.43,2871.20,9066698
GOOG,2026-06-28T18:00:24.190Z,2871.20,2922.48,2831.67,2879.99,3120666
GOOG,2026-06-29T18:00:24.190Z,2879.99,2943.07,2861.73,2907.79,5778338
GOOG,2026-06-30T18:00:24.190Z,2907.79,2954.38,2878.27,2903.75,4039979
GOOG,2026-07-01T18:00:24.190Z,2903.75,2986.07,2867.82,2930.91,3559861
GOOG,2026-07-02T18:00:24.190Z,2930.91,2986.60,2900.06,2930.79,6542497
GOOG,2026-07-03T18:00:24.190Z,2930.79,2950.18,2887.50,2937.63,7401761
GOOG,2026-07-04T18:00:24.190Z,2937.63,2973.03,2936.99,2960.81,7684399
GOOG,2026-07-05T18:00:24.190Z,2960.81,2990.36,2917.22,2951.13,4205983
GOOG,2026-07-06T18:00:24.190Z,2951.13,3016.32,2921.68,2976.47,6699780
GOOG,2026-07-07T18:00:24.190Z,2976.47,2977.66,2925.69,2964.67,1715000
GOOG,2026-07-08T18:00:24.190Z,2964.67,3024.51,2921.02,2976.68,4828870
GOOG,2026-07-09T18:00:24.190Z,2976.68,3005.30,2972.62,2994.46,2088448
GOOG,2026-07-10T18:00:24.190Z,2994.46,3077.05,2987.10,3021.09,8802833
GOOG,2026-07-11T18:00:24.190Z,3021.09,3063.23,2944.67,3002.72,10517026
GOOG,2026-07-12T18:00:24.190Z,3002.72,3027.86,2954.46,2987.17,9598642
GOOG,2026-07-13T18:00:24.190Z,2987.17,3039.47,2966.80,2976.67,1604822
GOOG,2026-07-14T18:00:24.190Z,2976.67,2997.31,2962.31,2988.25,3571324
GOOG,2026-07-15T18:00:24.190Z,2988.25,3017.07,2936.34,2973.41,10087357
GOOG,2026-07-16T18:00:24.190Z,2973.41,3001.62,2967.80,2978.06,2574067
GOOG,2026-07-17T18:00:24.190Z,2978.06,3021.23,2974.99,2998.72,9001672
GOOG,2026-07-18T18:00:24.190Z,2998.72,3004.74,2958.84,2971.78,10239684
GOOG,2026-07-19T18:00:24.190Z,2971.78,2974.92,2942.05,2968.33,8955409
GOOG,2026-07-20T18:00:24.190Z,2968.33,2981.18,2917.22,2947.10,10059860
GOOG,2026-07-21T18:00:24.190Z,2947.10,2972.41,2891.94,2924.23,5477800
GOOG,2026-07-22T18:00:24.190Z,2924.23,2931.30,2901.70,2925.61,10984290
GOOG,2026-07-23T18:00:24.190Z,2925.61,2965.23,2918.17,2920.68,1930295
GOOG,2026-07-24T18:00:24.190Z,2920.68,2965.93,2903.37,2948.48,2642732
GOOG,2026-07-25T18:00:24.190Z,2948.48,2954.61,2905.49,2951.01,3441924
GOOG,2026-07-26T18:00:24.190Z,2951.01,2999.89,2932.24,2951.99,5868302
GOOG,2026-07-27T18:00:24.190Z,2951.99,2958.67,2945.25,2950.29,1463194
GOOG,2026-07-28T18:00:24.190Z,2950.29,2975.35,2916.61,2972.54,9992051
GOOG,2026-07-29T18:00:24.190Z,2972.54,2984.95,2917.21,2983.85,5901797
GOOG,2026-07-30T18:00:24.190Z,2983.85,3040.68,2966.83,2998.44,9038185
GOOG,2026-07-31T18:00:24.190Z,2998.44,3001.44,2997.45,2998.84,1011428
GOOG,2026-08-01T18:00:24.190Z,2998.84,3038.80,2968.48,2986.72,5833760
GOOG,2026-08-02T18:00:24.190Z,2986.72,2998.51,2929.94,2968.14,2708421
GOOG,2026-08-03T18:00:24.190Z,2968.14,2976.72,2905.42,2947.77,4792812
GOOG,2026-08-04T18:00:24.190Z,2947.77,2966.89,2918.43,2928.11,8695525
GOOG,2026-08-05T18:00:24.190Z,2928.11,2953.02,2856.60,2912.33,7735617
GOOG,2026-08-06T18:00:24.190Z,2912.33,2921.08,2884.27,2914.59,6826469
GOOG,2026-08-07T18:00:24.190Z,2914.59,2929.45,2908.97,2918.87,2362537
GOOG,2026-08-08T18:00:24.190Z,2918.87,2975.12,2889.20,2935.81,8389039
GOOG,2026-08-09T18:00:24.190Z,2935.81,2953.93,2913.53,2929.04,3271618
GOOG,2026-08-10T18:00:24.190Z,2929.04,2948.29,2892.05,2934.07,9524733
GOOG,2026-08-11T18:00:24.190Z,2934.07,2984.73,2871.99,2916.98,9838235
GOOG,2026-08-12T18:00:24.190Z,2916.98,2942.56,2890.71,2917.26,4425549
GOOG,2026-08-13T18:00:24.190Z,2917.26,2963.06,2881.91,2891.18,10436715
GOOG,2026-08-14T18:00:24.190Z,2891.18,2903.10,2867.74,2868.77,6835383
GOOG,2026-08-15T18:00:24.190Z,2868.77,2909.57,2862.86,2893.98,9815202
GOOG,2026-08-16T18:00:24.190Z,2893.98,2919.58,2844.85,2888.33,9786574
GOOG,2026-08-17T18:00:24.190Z,2888.33,2901.14,2838.48,2897.59,2231025
GOOG,2026-08-18T18:00:24.190Z,2897.59,2934.16,2837.63,2871.27,1910924
GOOG,2026-08-19T18:00:24.190Z,2871.27,2908.80,2817.51,2879.60,1279618
GOOG,2026-08-20T18:00:24.190Z,2879.60,2933.13,2837.94,2871.21,3981958
GOOG,2026-08-21T18:00:24.190Z,2871.21,2903.84,2820.17,2869.61,3228554
GOOG,2026-08-22T18:00:24.190Z,2869.61,2916.52,2860.30,2881.00,7658497
GOOG,2026-08-23T18:00:24.190Z,2881.00,2913.96,2878.44,2904.81,4248397
GOOG,2026-08-24T18:00:24.190Z,2904.81,2924.49,2857.48,2877.29,5017786
GOOG,2026-08-25T18:00:24.190Z,2877.29,2928.25,2840.45,2851.67,2194136
GOOG,2026-08-26T18:00:24.190Z,2851.67,2891.98,2801.10,2833.57,5614437
GOOG,2026-08-27T18:00:24.190Z,2833.57,2858.45,2819.25,2850.78,5448810
GOOG,2026-08-28T18:00:24.190Z,2850.78,2910.39,2838.66,2865.64,3340419
GOOG,2026-08-29T18:00:24.190Z,2865.64,2899.65,2816.71,2862.93,8827182
GOOG,2026-08-30T18:00:24.190Z,2862.93,2899.00,2844.55,2871.58,4473930
GOOG,2026-08-31T18:00:24.190Z,2871.58,2909.24,2834.41,2849.81,2015166
GOOG,2026-09-01T18:00:24.190Z,2849.81,2880.24,2797.57,2824.93,10493949
GOOG,2026-09-02T18:00:24.190Z,2824.93,2888.38,2794.90,2853.60,4960819
GOOG,2026-09-03T18:00:24.190Z,2853.60,2879.59,2828.49,2864.21,4032911
GOOG,2026-09-04T18:00:24.190Z,2864.21,2882.78,2792.96,2845.45,7150682
GOOG,2026-09-05T18:00:24.190Z,2845.45,2891.50,2771.89,2820.08,1370837
GOOG,2026-09-06T18:00:24.190Z,2820.08,2886.54,2815.04,2839.82,1018333
GOOG,2026-09-07T18:00:24.190Z,2839.82,2858.75,2810.35,2840.94,6759035
GOOG,2026-09-08T18:00:24.190Z,2840.94,2881.59,2808.82,2821.44,1035081
GOOG,2026-09-09T18:00:24.190Z,2821.44,2874.68,2787.91,2795.95,10498647
GOOG,2026-09-10T18:00:24.190Z,2795.95,2804.17,2721.80,2770.38,6749275
GOOG,2026-09-11T18:00:24.190Z,2770.38,2824.07,2760.86,2782.25,7755468
GOOG,2026-09-12T18:00:24.190Z,2782.25,2801.45,2763.87,2786.81,8848872
GOOG,2026-09-13T18:00:24.190Z,2786.81,2843.08,2741.38,2813.73,2264398
GOOG,2026-09-14T18:00:24.190Z,2813.73,2864.57,2762.78,2801.51,8308741
GOOG,2026-09-15T18:00:24.190Z,2801.51,2834.19,2753.46,2797.20,9211011
GOOG,2026-09-16T18:00:24.190Z,2797.20,2813.87,2763.90,2776.87,6510204
GOOG,2026-09-17T18:00:24.190Z,2776.87,2844.80,2747.79,2789.77,7539827
GOOG,2026-09-18T18:00:24.190Z,2789.77,2807.98,2756.13,2775.50,10979613
GOOG,2026-09-19T18:00:24.190Z,2775.50,2820.30,2772.10,2777.04,9845044
GOOG,2026-09-20T18:00:24.190Z,2777.04,2832.05,2745.38,2761.14,6299529
GOOG,2026-09-21T18:00:24.190Z,2761.14,2803.10,2720.07,2745.73,5434776
GOOG,2026-09-22T18:00:24.190Z,2745.73,2751.64,2721.74,2744.91,2238537
GOOG,2026-09-23T18:00:24.190Z,2744.91,2781.93,2730.92,2738.33,2648140
GOOG,2026-09-24T18:00:24.190Z,2738.33,2757.64,2685.97,2728.60,3290610
GOOG,2026-09-25T18:00:24.190Z,2728.60,2754.69,2702.20,2705.48,8440717
GOOG,2026-09-26T18:00:24.190Z,2705.48,2753.80,2655.10,2710.99,2222611
GOOG,2026-09-27T18:00:24.190Z,2710.99,2734.29,2704.13,2715.95,7916072
GOOG,2026-09-28T18:00:24.190Z,2715.95,2771.53,2665.75,2730.74,10648192
GOOG,2026-09-29T18:00:24.190Z,2730.74,2779.10,2695.28,2720.72,5898445
GOOG,2026-09-30T18:00:24.190Z,2720.72,2736.28,2675.41,2725.27,1615887
GOOG,2026-10-01T18:00:24.190Z,2725.27,2750.11,2711.15,2715.35,2270769
GOOG,2026-10-02T18:00:24.190Z,2715.35,2748.51,2685.39,2701.11,2177640
GOOG,2026-10-03T18:00:24.190Z,2701.11,2728.28,2690.31,2717.26,2972371
GOOG,2026-10-04T18:00:24.190Z,2717.26,2725.64,2691.48,2695.95,8832174
MSFT,2025-12-08T18:00:24.190Z,300.00,301.21,297.58,298.46,9768104
MSFT,2025-12-09T18:00:24.190Z,298.46,302.53,295.43,300.90,2054543
MSFT,2025-12-10T18:00:24.190Z,300.90,304.81,298.24,298.57,4741939
MSFT,2025-12-11T18:00:24.190Z,298.57,300.19,295.12,298.20,2221880
MSFT,2025-12-12T18:00:24.190Z,298.20,303.80,297.04,300.73,7045914
MSFT,2025-12-13T18:00:24.190Z,300.73,303.78,296.40,301.14,3479353
MSFT,2025-12-14T18:00:24.190Z,301.14,304.59,292.73,298.65,6820640
MSFT,2025-12-15T18:00:24.190Z,298.65,304.35,295.58,297.44,5505239
MSFT,2025-12-16T18:00:24.190Z,297.44,303.88,292.20,300.21,10182601
MSFT,2025-12-17T18:00:24.190Z,300.21,303.51,296.39,299.85,2223514
MSFT,2025-12-18T18:00:24.190Z,299.85,306.99,298.61,302.28,5583932
MSFT,2025-12-19T18:00:24.190Z,302.28,306.79,297.18,301.21,6219565
MSFT,2025-12-20T18:00:24.190Z,301.21,307.64,299.69,303.03,2389645
MSFT,2025-12-21T18:00:24.190Z,303.03,308.20,299.55,303.81,6548449
MSFT,2025-12-22T18:00:24.190Z,303.81,308.60,299.27,304.38,6312941
MSFT,2025-12-23T18:00:24.190Z,304.38,307.60,300.02,303.85,2302828
MSFT,2025-12-24T18:00:24.190Z,303.85,309.47,302.30,305.57,1134240
MSFT,2025-12-25T18:00:24.190Z,305.57,307.63,302.46,303.07,4645135
MSFT,2025-12-26T18:00:24.190Z,303.07,303.17,296.73,302.49,2134742
MSFT,2025-12-27T18:00:24.190Z,302.49,305.45,297.43,302.10,9098007
MSFT,2025-12-28T18:00:24.190Z,302.10,304.90,296.29,304.86,1804283
MSFT,2025-12-29T18:00:24.190Z,304.86,307.93,302.28,303.11,5089474
MSFT,2025-12-30T18:00:24.190Z,303.11,307.26,297.02,301.75,4299397
MSFT,2025-12-31T18:00:24.190Z,301.75,306.25,298.16,301.06,3467986
MSFT,2026-01-01T18:00:24.190Z,301.06,309.86,298.44,303.94,2274795
MSFT,2026-01-02T18:00:24.190Z,303.94,310.27,300.76,304.85,2420714
MSFT,2026-01-03T18:00:24.190Z,304.85,312.84,303.87,307.45,4809343
MSFT,2026-01-04T18:00:24.190Z,307.45,307.78,304.68,307.18,4999467
MSFT,2026-01-05T18:00:24.190Z,307.18,310.35,299.02,304.32,2290096
MSFT,2026-01-06T18:00:24.190Z,304.32,312.12,299.84,306.28,10172211
MSFT,2026-01-07T18:00:24.190Z,306.28,310.77,305.93,307.70,2409731
MSFT,2026-01-08T18:00:24.190Z,307.70,311.71,300.46,306.39,7473779
MSFT,2026-01-09T18:00:24.190Z,306.39,312.48,301.39,303.69,1835600
MSFT,2026-01-10T18:00:24.190Z,303.69,309.20,297.66,306.12,10695292
MSFT,2026-01-11T18:00:24.190Z,306.12,311.20,299.72,303.18,6330568
MSFT,2026-01-12T18:00:24.190Z,303.18,305.49,298.19,301.39,4625896
MSFT,2026-01-13T18:00:24.190Z,301.39,304.59,299.19,302.87,10452393
MSFT,2026-01-14T18:00:24.190Z,302.87,309.45,298.78,304.70,1005122
MSFT,2026-01-15T18:00:24.190Z,304.70,306.14,297.10,302.24,4373466
MSFT,2026-01-16T18:00:24.190Z,302.24,303.51,297.39,300.30,9857435
MSFT,2026-01-17T18:00:24.190Z,300.30,306.69,298.00,303.33,3224248
MSFT,2026-01-18T18:00:24.190Z,303.33,305.73,299.20,303.33,7835230
MSFT,2026-01-19T18:00:24.190Z,303.33,309.25,299.58,305.87,9599954
MSFT,2026-01-20T18:00:24.190Z,305.87,310.54,305.83,306.78,4943576
MSFT,2026-01-21T18:00:24.190Z,306.78,307.16,303.00,304.22,1977736
MSFT,2026-01-22T18:00:24.190Z,304.22,308.76,300.49,302.81,4275483
MSFT,2026-01-23T18:00:24.190Z,302.81,308.25,299.95,300.27,10262401
MSFT,2026-01-24T18:00:24.190Z,300.27,306.70,296.32,303.24,3044134
MSFT,2026-01-25T18:00:24.190Z,303.24,308.95,299.42,303.07,4132522
MSFT,2026-01-26T18:00:24.190Z,303.07,306.51,300.17,305.57,10751530
MSFT,2026-01-27T18:00:24.190Z,305.57,308.37,305.29,305.46,4714890
MSFT,2026-01-28T18:00:24.190Z,305.46,307.39,302.64,306.04,7042843
MSFT,2026-01-29T18:00:24.190Z,306.04,310.63,303.02,303.35,6652817
MSFT,2026-01-30T18:00:24.190Z,303.35,305.57,302.66,304.57,10088017
MSFT,2026-01-31T18:00:24.190Z,304.57,306.97,300.22,304.81,8569006
MSFT,2026-02-01T18:00:24.190Z,304.81,311.64,304.79,305.79,2976791
MSFT,2026-02-02T18:00:24.190Z,305.79,307.63,300.61,306.92,2577565
MSFT,2026-02-03T18:00:24.190Z,306.92,309.77,302.90,304.53,8103758
MSFT,2026-02-04T18:00:24.190Z,304.53,308.34,302.74,306.98,4088944
MSFT,2026-02-05T18:00:24.190Z,306.98,310.14,300.71,304.06,7484652
MSFT,2026-02-06T18:00:24.190Z,304.06,308.15,303.56,303.89,1207235
MSFT,2026-02-07T18:00:24.190Z,303.89,309.90,298.42,303.83,6776236
MSFT,2026-02-08T18:00:24.190Z,303.83,307.91,299.41,306.35,8787106
MSFT,2026-02-09T18:00:24.190Z,306.35,313.97,302.37,309.41,2884769
MSFT,2026-02-10T18:00:24.190Z,309.41,313.55,303.27,311.00,6927830
MSFT,2026-02-11T18:00:24.190Z,311.00,316.67,308.93,312.26,8627180
MSFT,2026-02-12T18:00:24.190Z,312.26,314.49,307.13,312.78,9032397
MSFT,2026-02-13T18:00:24.190Z,312.78,316.16,306.28,309.98,4640748
MSFT,2026-02-14T18:00:24.190Z,309.98,313.13,307.36,309.23,6471855
MSFT,2026-02-15T18:00:24.190Z,309.23,313.02,304.23,306.75,7350045
MSFT,2026-02-16T18:00:24.190Z,306.75,312.04,305.75,307.37,4440303
MSFT,2026-02-17T18:00:24.190Z,307.37,312.64,301.17,305.54,4986327
MSFT,2026-02-18T18:00:24.190Z,305.54,309.92,298.99,304.51,5430402
MSFT,2026-02-19T18:00:24.190Z,304.51,308.51,301.62,304.40,8179307
MSFT,2026-02-20T18:00:24.190Z,304.40,310.89,300.94,306.16,9905650
MSFT,2026-02-21T18:00:24.190Z,306.16,309.81,299.39,304.05,4485906
MSFT,2026-02-22T18:00:24.190Z,304.05,307.92,298.79,306.56,8259720
MSFT,2026-02-23T18:00:24.190Z,306.56,308.63,301.30,303.76,6765148
MSFT,2026-02-24T18:00:24.190Z,303.76,308.32,301.28,304.97,1948898
MSFT,2026-02-25T18:00:24.190Z,304.97,306.08,302.14,305.97,8110127
MSFT,2026-02-26T18:00:24.190Z,305.97,310.19,302.77,305.64,9958150
MSFT,2026-02-27T18:00:24.190Z,305.64,307.63,300.26,307.62,3972832
MSFT,2026-02-28T18:00:24.190Z,307.62,308.88,303.00,305.07,9097621
MSFT,2026-03-01T18:00:24.190Z,305.07,306.64,301.34,304.68,10968613
MSFT,2026-03-02T18:00:24.190Z,304.68,306.89,299.91,303.73,6909693
MSFT,2026-03-03T18:00:24.190Z,303.73,306.99,297.53,302.85,2668681
MSFT,2026-03-04T18:00:24.190Z,302.85,308.57,299.09,302.39,3295568
MSFT,2026-03-05T18:00:24.190Z,302.39,305.92,301.28,302.83,5417182
MSFT,2026-03-06T18:00:24.190Z,302.83,305.75,302.74,303.11,8250317
MSFT,2026-03-07T18:00:24.190Z,303.11,303.35,300.36,302.62,1856336
MSFT,2026-03-08T18:00:24.190Z,302.62,302.73,300.26,300.94,3044436
MSFT,2026-03-09T18:00:24.190Z,300.94,305.19,295.81,299.35,7042426
MSFT,2026-03-10T18:00:24.190Z,299.35,306.83,294.88,301.41,4159204
MSFT,2026-03-11T18:00:24.190Z,301.41,307.49,297.09,302.17,2625016
MSFT,2026-03-12T18:00:24.190Z,302.17,309.21,299.80,303.47,8960494
MSFT,2026-03-13T18:00:24.190Z,303.47,307.27,301.79,303.21,2730367
MSFT,2026-03-14T18:00:24.190Z,303.21,308.65,298.16,304.49,4335334
MSFT,2026-03-15T18:00:24.190Z,304.49,310.22,300.17,305.19,5398607
MSFT,2026-03-16T18:00:24.190Z,305.19,308.74,299.64,303.62,5409995
MSFT,2026-03-17T18:00:24.190Z,303.62,307.31,298.51,301.25,4313895
MSFT,2026-03-18T18:00:24.190Z,301.25,305.28,299.81,302.60,6548465
MSFT,2026-03-19T18:00:24.190Z,302.60,306.75,300.58,305.04,9051051
MSFT,2026-03-20T18:00:24.190Z,305.04,306.92,304.87,305.20,7369706
MSFT,2026-03-21T18:00:24.190Z,305.20,313.68,301.17,307.96,7285875
MSFT,2026-03-22T18:00:24.190Z,307.96,313.92,303.58,308.08,5156216
MSFT,2026-03-23T18:00:24.190Z,308.08,311.31,303.68,305.33,3369249
MSFT,2026-03-24T18:00:24.190Z,305.33,309.30,305.25,307.61,2065062
MSFT,2026-03-25T18:00:24.190Z,307.61,310.71,306.32,308.65,2607153
MSFT,2026-03-26T18:00:24.190Z,308.65,311.74,304.77,305.71,2075422
MSFT,2026-03-27T18:00:24.190Z,305.71,306.22,302.21,302.82,1178366
MSFT,2026-03-28T18:00:24.190Z,302.82,304.99,298.04,299.99,4720520
MSFT,2026-03-29T18:00:24.190Z,299.99,304.44,297.48,300.40,5223806
MSFT,2026-03-30T18:00:24.190Z,300.40,307.09,295.33,302.34,9732377
MSFT,2026-03-31T18:00:24.190Z,302.34,308.02,295.65,299.48,9277213
MSFT,2026-04-01T18:00:24.190Z,299.48,303.99,295.74,299.45,4310148
MSFT,2026-04-02T18:00:24.190Z,299.45,308.57,297.71,302.56,3511612
MSFT,2026-04-03T18:00:24.190Z,302.56,305.87,297.81,300.95,3184812
MSFT,2026-04-04T18:00:24.190Z,300.95,305.21,300.92,303.50,6136624
MSFT,2026-04-05T18:00:24.190Z,303.50,307.35,297.67,302.20,6317666
MSFT,2026-04-06T18:00:24.190Z,302.20,306.36,296.21,300.52,3572570
MSFT,2026-04-07T18:00:24.190Z,300.52,303.74,296.55,299.82,5274151
MSFT,2026-04-08T18:00:24.190Z,299.82,303.68,294.74,297.37,10880698
MSFT,2026-04-09T18:00:24.190Z,297.37,302.94,296.21,297.15,2994622
MSFT,2026-04-10T18:00:24.190Z,297.15,302.71,296.25,298.76,5150528
MSFT,2026-04-11T18:00:24.190Z,298.76,298.78,296.35,297.15,10343621
MSFT,2026-04-12T18:00:24.190Z,297.15,300.03,293.45,297.75,6187466
MSFT,2026-04-13T18:00:24.190Z,297.75,301.52,296.20,300.53,3944566
MSFT,2026-04-14T18:00:24.190Z,300.53,302.24,294.39,299.12,3134716
MSFT,2026-04-15T18:00:24.190Z,299.12,302.85,291.73,296.51,9530776
MSFT,2026-04-16T18:00:24.190Z,296.51,299.75,295.68,298.53,5817923
MSFT,2026-04-17T18:00:24.190Z,298.53,303.63,292.76,298.14,4685870
MSFT,2026-04-18T18:00:24.190Z,298.14,302.86,293.05,298.72,3238099
MSFT,2026-04-19T18:00:24.190Z,298.72,304.47,296.62,300.61,4704237
MSFT,2026-04-20T18:00:24.190Z,300.61,303.86,292.94,298.77,7965255
MSFT,2026-04-21T18:00:24.190Z,298.77,307.32,296.94,301.61,5520663
MSFT,2026-04-22T18:00:24.190Z,301.61,305.66,295.10,300.68,5750187
MSFT,2026-04-23T18:00:24.190Z,300.68,304.31,296.07,301.18,2287430
MSFT,2026-04-24T18:00:24.190Z,301.18,305.27,298.84,299.44,3287937
MSFT,2026-04-25T18:00:24.190Z,299.44,305.11,296.40,300.57,1151670
MSFT,2026-04-26T18:00:24.190Z,300.57,305.92,298.57,300.47,4079978
MSFT,2026-04-27T18:00:24.190Z,300.47,305.94,298.88,302.65,1568550
MSFT,2026-04-28T18:00:24.190Z,302.65,307.63,299.81,305.78,8807402
MSFT,2026-04-29T18:00:24.190Z,305.78,307.51,302.30,307.05,10083728
MSFT,2026-04-30T18:00:24.190Z,307.05,309.17,302.72,307.47,1178788
MSFT,2026-05-01T18:00:24.190Z,307.47,316.27,302.94,310.32,1097854
MSFT,2026-05-02T18:00:24.190Z,310.32,312.33,305.70,311.34,7424219
MSFT,2026-05-03T18:00:24.190Z,311.34,314.21,310.84,314.07,4842985
MSFT,2026-05-04T18:00:24.190Z,314.07,320.52,312.76,316.67,5692794
MSFT,2026-05-05T18:00:24.190Z,316.67,321.10,315.42,318.06,3267042
MSFT,2026-05-06T18:00:24.190Z,318.06,319.71,314.44,319.33,6864030
MSFT,2026-05-07T18:00:24.190Z,319.33,324.15,314.77,318.45,2796930
MSFT,2026-05-08T18:00:24.190Z,318.45,322.38,312.19,315.54,10299042
MSFT,2026-05-09T18:00:24.190Z,315.54,321.55,310.36,315.26,2239222
MSFT,2026-05-10T18:00:24.190Z,315.26,315.74,314.88,315.64,4228685
MSFT,2026-05-11T18:00:24.190Z,315.64,318.78,310.16,318.64,9099545
MSFT,2026-05-12T18:00:24.190Z,318.64,320.11,312.21,317.85,1359665
MSFT,2026-05-13T18:00:24.190Z,317.85,318.23,310.37,314.92,6935123
MSFT,2026-05-14T18:00:24.190Z,314.92,316.16,309.65,312.21,7745630
MSFT,2026-05-15T18:00:24.190Z,312.21,317.09,310.76,314.72,9724191
MSFT,2026-05-16T18:00:24.190Z,314.72,318.99,306.85,312.96,10621034
MSFT,2026-05-17T18:00:24.190Z,312.96,317.82,312.66,316.03,3141391
MSFT,2026-05-18T18:00:24.190Z,316.03,320.62,309.41,314.08,2449941
MSFT,2026-05-19T18:00:24.190Z,314.08,317.94,308.61,312.10,6903561
MSFT,2026-05-20T18:00:24.190Z,312.10,317.63,306.59,309.26,2438839
MSFT,2026-05-21T18:00:24.190Z,309.26,314.81,304.56,307.88,3323841
MSFT,2026-05-22T18:00:24.190Z,307.88,316.85,302.15,311.02,4661997
MSFT,2026-05-23T18:00:24.190Z,311.02,317.24,307.56,311.23,2530017
MSFT,2026-05-24T18:00:24.190Z,311.23,315.23,310.06,310.21,6585507
MSFT,2026-05-25T18:00:24.190Z,310.21,314.50,307.59,310.72,1589160
MSFT,2026-05-26T18:00:24.190Z,310.72,317.13,307.64,313.62,10832375
MSFT,2026-05-27T18:00:24.190Z,313.62,315.78,311.36,315.38,6422331
MSFT,2026-05-28T18:00:24.190Z,315.38,323.77,314.05,318.46,3299090
MSFT,2026-05-29T18:00:24.190Z,318.46,325.48,315.27,319.20,5470385
MSFT,2026-05-30T18:00:24.190Z,319.20,323.27,315.66,319.57,10905533
MSFT,2026-05-31T18:00:24.190Z,319.57,321.22,315.67,318.57,10185816
MSFT,2026-06-01T18:00:24.190Z,318.57,321.14,315.16,318.45,2356484
MSFT,2026-06-02T18:00:24.190Z,318.45,324.65,312.44,315.42,4315573
MSFT,2026-06-03T18:00:24.190Z,315.42,315.59,313.01,315.15,2836230
MSFT,2026-06-04T18:00:24.190Z,315.15,317.68,310.03,317.41,3681811
MSFT,2026-06-05T18:00:24.190Z,317.41,323.46,312.74,317.09,2214661
MSFT,2026-06-06T18:00:24.190Z,317.09,322.51,313.15,314.58,7081300
MSFT,2026-06-07T18:00:24.190Z,314.58,315.69,310.93,312.20,10999769
MSFT,2026-06-08T18:00:24.190Z,312.20,316.48,311.14,313.04,3363251
MSFT,2026-06-09T18:00:24.190Z,313.04,319.15,305.06,311.00,3605022
MSFT,2026-06-10T18:00:24.190Z,311.00,318.91,309.35,313.44,8719434
MSFT,2026-06-11T18:00:24.190Z,313.44,319.28,307.38,312.98,6782531
MSFT,2026-06-12T18:00:24.190Z,312.98,316.51,309.65,315.17,8474409
MSFT,2026-06-13T18:00:24.190Z,315.17,318.04,312.33,316.89,4954949
MSFT,2026-06-14T18:00:24.190Z,316.89,319.88,313.38,314.30,3839207
MSFT,2026-06-15T18:00:24.190Z,314.30,316.93,313.55,316.92,6110467
MSFT,2026-06-16T18:00:24.190Z,316.92,318.36,312.98,316.92,5758169
MSFT,2026-06-17T18:00:24.190Z,316.92,323.64,312.69,319.75,4248322
MSFT,2026-06-18T18:00:24.190Z,319.75,321.05,314.78,317.86,6874249
MSFT,2026-06-19T18:00:24.190Z,317.86,320.47,312.63,315.35,8483096
MSFT,2026-06-20T18:00:24.190Z,315.35,318.13,311.56,313.97,6259152
MSFT,2026-06-21T18:00:24.190Z,313.97,319.01,307.29,313.22,7087527
MSFT,2026-06-22T18:00:24.190Z,313.22,315.88,312.12,312.32,2016259
MSFT,2026-06-23T18:00:24.190Z,312.32,321.15,311.14,314.96,5492516
MSFT,2026-06-24T18:00:24.190Z,314.96,316.98,306.54,312.25,3513836
MSFT,2026-06-25T18:00:24.190Z,312.25,313.89,306.14,310.56,10366066
MSFT,2026-06-26T18:00:24.190Z,310.56,314.42,305.21,308.74,5080921
MSFT,2026-06-27T18:00:24.190Z,308.74,311.88,307.70,310.89,9816280
MSFT,2026-06-28T18:00:24.190Z,310.89,312.88,305.87,309.99,6121923
MSFT,2026-06-29T18:00:24.190Z,309.99,312.91,308.72,311.60,10035299
MSFT,2026-06-30T18:00:24.190Z,311.60,316.47,305.78,312.87,5965499
MSFT,2026-07-01T18:00:24.190Z,312.87,318.55,310.79,311.00,3054341
MSFT,2026-07-02T18:00:24.190Z,311.00,317.41,307.30,311.35,8975436
MSFT,2026-07-03T18:00:24.190Z,311.35,316.07,304.13,310.07,7940355
MSFT,2026-07-04T18:00:24.190Z,310.07,314.61,304.10,311.25,3913084
MSFT,2026-07-05T18:00:24.190Z,311.25,314.98,308.92,314.11,1074508
MSFT,2026-07-06T18:00:24.190Z,314.11,315.70,311.53,314.13,3153423
MSFT,2026-07-07T18:00:24.190Z,314.13,318.82,311.60,312.41,5182503
MSFT,2026-07-08T18:00:24.190Z,312.41,314.17,305.14,309.78,6179763
MSFT,2026-07-09T18:00:24.190Z,309.78,315.36,308.55,308.82,8873925
MSFT,2026-07-10T18:00:24.190Z,308.82,310.26,303.46,307.79,3439025
MSFT,2026-07-11T18:00:24.190Z,307.79,311.75,304.55,308.33,2054905
MSFT,2026-07-12T18:00:24.190Z,308.33,316.70,307.37,311.51,7242747
MSFT,2026-07-13T18:00:24.190Z,311.51,317.05,309.92,310.14,8111019
MSFT,2026-07-14T18:00:24.190Z,310.14,316.05,309.31,309.75,7897568
MSFT,2026-07-15T18:00:24.190Z,309.75,315.73,305.92,309.96,4320442
MSFT,2026-07-16T18:00:24.190Z,309.96,310.11,304.13,307.71,4885768
MSFT,2026-07-17T18:00:24.190Z,307.71,309.32,303.44,306.19,8292461
MSFT,2026-07-18T18:00:24.190Z,306.19,312.23,300.34,308.48,6315597
MSFT,2026-07-19T18:00:24.190Z,308.48,314.37,301.47,306.30,7497843
MSFT,2026-07-20T18:00:24.190Z,306.30,307.58,305.22,307.14,6169100
MSFT,2026-07-21T18:00:24.190Z,307.14,313.83,301.81,310.18,8669240
MSFT,2026-07-22T18:00:24.190Z,310.18,310.63,306.34,308.33,10691534
MSFT,2026-07-23T18:00:24.190Z,308.33,310.96,304.05,310.91,2746964
MSFT,2026-07-24T18:00:24.190Z,310.91,315.70,305.06,312.22,8131056
MSFT,2026-07-25T18:00:24.190Z,312.22,319.43,310.22,315.19,7574975
MSFT,2026-07-26T18:00:24.190Z,315.19,318.79,306.77,312.94,7894152
MSFT,2026-07-27T18:00:24.190Z,312.94,314.02,307.24,310.76,7747534
MSFT,2026-07-28T18:00:24.190Z,310.76,312.18,306.30,311.47,7879517
MSFT,2026-07-29T18:00:24.190Z,311.47,320.28,308.09,314.48,10228891
MSFT,2026-07-30T18:00:24.190Z,314.48,321.54,312.51,315.85,6625378
MSFT,2026-07-31T18:00:24.190Z,315.85,320.39,309.46,315.32,1466474
MSFT,2026-08-01T18:00:24.190Z,315.32,319.39,314.21,317.23,8653047
MSFT,2026-08-02T18:00:24.190Z,317.23,318.87,316.35,317.82,10622023
MSFT,2026-08-03T18:00:24.190Z,317.82,323.56,313.35,317.91,1508257
MSFT,2026-08-04T18:00:24.190Z,317.91,322.68,317.55,320.16,5957400
MSFT,2026-08-05T18:00:24.190Z,320.16,322.73,313.88,320.31,3080385
MSFT,2026-08-06T18:00:24.190Z,320.31,326.45,315.08,322.42,7632112
MSFT,2026-08-07T18:00:24.190Z,322.42,322.54,316.92,320.38,10220319
MSFT,2026-08-08T18:00:24.190Z,320.38,325.56,313.20,318.34,6372002
MSFT,2026-08-09T18:00:24.190Z,318.34,322.89,316.66,319.24,1961057
MSFT,2026-08-10T18:00:24.190Z,319.24,323.49,314.93,317.60,9457915
MSFT,2026-08-11T18:00:24.190Z,317.60,318.80,308.49,314.58,3858639
MSFT,2026-08-12T18:00:24.190Z,314.58,318.33,307.12,312.87,5383336
MSFT,2026-08-13T18:00:24.190Z,312.87,316.91,309.86,309.93,4901133
MSFT,2026-08-14T18:00:24.190Z,309.93,314.78,304.02,312.13,1144700
MSFT,2026-08-15T18:00:24.190Z,312.13,315.41,308.68,310.20,1667449
MSFT,2026-08-16T18:00:24.190Z,310.20,316.68,305.13,311.73,3790164
MSFT,2026-08-17T18:00:24.190Z,311.73,317.18,308.92,310.03,5487213
MSFT,2026-08-18T18:00:24.190Z,310.03,313.97,309.08,312.74,8546468
MSFT,2026-08-19T18:00:24.190Z,312.74,316.51,305.01,310.62,9210423
MSFT,2026-08-20T18:00:24.190Z,310.62,313.41,307.49,311.49,5961032
MSFT,2026-08-21T18:00:24.190Z,311.49,315.35,311.07,314.29,10127590
MSFT,2026-08-22T18:00:24.190Z,314.29,316.66,309.58,313.60,4572126
MSFT,2026-08-23T18:00:24.190Z,313.60,318.62,310.12,311.03,7388606
MSFT,2026-08-24T18:00:24.190Z,311.03,317.88,305.72,311.88,10335178
MSFT,2026-08-25T18:00:24.190Z,311.88,317.98,307.54,313.21,10489118
MSFT,2026-08-26T18:00:24.190Z,313.21,320.27,308.55,314.17,1592018
MSFT,2026-08-27T18:00:24.190Z,314.17,319.77,310.54,316.74,7970399
MSFT,2026-08-28T18:00:24.190Z,316.74,324.62,312.22,319.18,3442871
MSFT,2026-08-29T18:00:24.190Z,319.18,322.97,315.13,316.46,7124356
MSFT,2026-08-30T18:00:24.190Z,316.46,316.50,311.81,316.30,1658567
MSFT,2026-08-31T18:00:24.190Z,316.30,318.64,312.83,316.89,9580275
MSFT,2026-09-01T18:00:24.190Z,316.89,322.85,310.20,314.98,2835516
MSFT,2026-09-02T18:00:24.190Z,314.98,320.87,310.78,316.39,4953384
MSFT,2026-09-03T18:00:24.190Z,316.39,319.31,316.15,317.72,7138469
MSFT,2026-09-04T18:00:24.190Z,317.72,319.90,312.90,315.86,6035413
MSFT,2026-09-05T18:00:24.190Z,315.86,321.86,313.51,314.81,8496768
MSFT,2026-09-06T18:00:24.190Z,314.81,315.27,311.60,313.86,2791806
MSFT,2026-09-07T18:00:24.190Z,313.86,319.85,308.68,313.16,5439865
MSFT,2026-09-08T18:00:24.190Z,313.16,320.10,311.25,316.22,7395786
MSFT,2026-09-09T18:00:24.190Z,316.22,319.23,312.60,317.71,2024253
MSFT,2026-09-10T18:00:24.190Z,317.71,322.72,314.16,316.69,9253486
MSFT,2026-09-11T18:00:24.190Z,316.69,321.82,311.51,315.60,5236464
MSFT,2026-09-12T18:00:24.190Z,315.60,316.97,313.37,314.93,7803778
MSFT,2026-09-13T18:00:24.190Z,314.93,318.87,309.50,312.53,4867553
MSFT,2026-09-14T18:00:24.190Z,312.53,314.36,311.45,312.89,8255368
MSFT,2026-09-15T18:00:24.190Z,312.89,314.60,311.38,312.89,6615350
MSFT,2026-09-16T18:00:24.190Z,312.89,318.71,305.79,310.89,7253319
MSFT,2026-09-17T18:00:24.190Z,310.89,314.73,308.65,312.73,3967846
MSFT,2026-09-18T18:00:24.190Z,312.73,313.14,307.26,311.20,9139326
MSFT,2026-09-19T18:00:24.190Z,311.20,317.18,303.61,308.99,5347188
MSFT,2026-09-20T18:00:24.190Z,308.99,315.32,307.66,310.84,2256418
MSFT,2026-09-21T18:00:24.190Z,310.84,314.52,308.00,311.75,9516252
MSFT,2026-09-22T18:00:24.190Z,311.75,314.78,306.35,309.52,7979764
MSFT,2026-09-23T18:00:24.190Z,309.52,317.04,307.54,312.38,5973808
MSFT,2026-09-24T18:00:24.190Z,312.38,317.81,311.33,313.88,10801298
MSFT,2026-09-25T18:00:24.190Z,313.88,318.47,311.77,313.97,3952773
MSFT,2026-09-26T18:00:24.190Z,313.97,316.74,313.36,314.32,7275739
MSFT,2026-09-27T18:00:24.190Z,314.32,319.27,314.26,315.10,3336686
MSFT,2026-09-28T18:00:24.190Z,315.10,320.98,311.22,312.09,6802232
MSFT,2026-09-29T18:00:24.190Z,312.09,317.45,311.45,312.45,8707287
MSFT,2026-09-30T18:00:24.190Z,312.45,315.35,306.33,311.96,6408252
MSFT,2026-10-01T18:00:24.190Z,311.96,315.01,306.89,312.97,6856929
MSFT,2026-10-02T18:00:24.190Z,312.97,320.79,311.54,315.52,9273072
MSFT,2026-10-03T18:00:24.190Z,315.52,321.96,315.02,318.67,7504133
MSFT,2026-10-04T18:00:24.190Z,318.67,319.93,312.93,317.53,1462621
TSLA,2025-12-08T18:00:24.190Z,800.00,821.89,799.15,809.41,2900328
TSLA,2025-12-09T18:00:24.190Z,809.41,823.88,776.37,790.61,3862793
TSLA,2025-12-10T18:00:24.190Z,790.61,819.11,777.29,810.42,7523032
TSLA,2025-12-11T18:00:24.190Z,810.42,824.23,794.38,817.65,5855930
TSLA,2025-12-12T18:00:24.190Z,817.65,833.97,812.38,819.57,6304115
TSLA,2025-12-13T18:00:24.190Z,819.57,836.81,816.04,824.51,1859548
TSLA,2025-12-14T18:00:24.190Z,824.51,848.16,808.76,840.48,7784379
TSLA,2025-12-15T18:00:24.190Z,840.48,852.99,833.38,835.29,7958710
TSLA,2025-12-16T18:00:24.190Z,835.29,852.25,830.15,850.44,9095509
TSLA,2025-12-17T18:00:24.190Z,850.44,858.59,837.49,849.36,7894239
TSLA,2025-12-18T18:00:24.190Z,849.36,853.17,825.67,840.22,6082224
TSLA,2025-12-19T18:00:24.190Z,840.22,843.46,824.18,835.43,5234590
TSLA,2025-12-20T18:00:24.190Z,835.43,856.93,830.21,848.47,10835254
TSLA,2025-12-21T18:00:24.190Z,848.47,852.60,834.86,841.07,9971280
TSLA,2025-12-22T18:00:24.190Z,841.07,853.48,834.26,850.75,7144794
TSLA,2025-12-23T18:00:24.190Z,850.75,861.42,834.46,851.78,4521767
TSLA,2025-12-24T18:00:24.190Z,851.78,882.57,845.97,866.77,5110461
TSLA,2025-12-25T18:00:24.190Z,866.77,874.85,849.86,863.09,5425300
TSLA,2025-12-26T18:00:24.190Z,863.09,874.58,857.93,863.10,1669932
TSLA,2025-12-27T18:00:24.190Z,863.10,885.67,859.35,870.84,1188387
TSLA,2025-12-28T18:00:24.190Z,870.84,883.96,839.94,851.65,2684221
TSLA,2025-12-29T18:00:24.190Z,851.65,875.12,839.57,864.32,10847511
TSLA,2025-12-30T18:00:24.190Z,864.32,885.26,863.85,875.19,6909326
TSLA,2025-12-31T18:00:24.190Z,875.19,881.72,870.11,875.94,5727006
TSLA,2026-01-01T18:00:24.190Z,875.94,907.79,866.88,892.48,9761716
TSLA,2026-01-02T18:00:24.190Z,892.48,915.90,877.46,899.43,2986397
TSLA,2026-01-03T18:00:24.190Z,899.43,917.90,883.52,904.24,1496830
TSLA,2026-01-04T18:00:24.190Z,904.24,926.52,886.90,913.94,3565684
TSLA,2026-01-05T18:00:24.190Z,913.94,915.90,906.96,915.79,6192900
TSLA,2026-01-06T18:00:24.190Z,915.79,948.21,911.30,931.54,4282467
TSLA,2026-01-07T18:00:24.190Z,931.54,941.61,906.90,913.89,2791148
TSLA,2026-01-08T18:00:24.190Z,913.89,918.20,894.75,905.86,3439804
TSLA,2026-01-09T18:00:24.190Z,905.86,939.56,890.30,928.57,1213332
TSLA,2026-01-10T18:00:24.190Z,928.57,952.93,928.57,943.90,9775090
TSLA,2026-01-11T18:00:24.190Z,943.90,960.96,924.18,929.19,4795882
TSLA,2026-01-12T18:00:24.190Z,929.19,941.38,903.88,910.40,10098665
TSLA,2026-01-13T18:00:24.190Z,910.40,935.52,894.29,919.58,3495688
TSLA,2026-01-14T18:00:24.190Z,919.58,949.39,916.21,936.00,6558057
TSLA,2026-01-15T18:00:24.190Z,936.00,959.31,924.67,950.50,3096613
TSLA,2026-01-16T18:00:24.190Z,950.50,957.04,946.19,951.24,2878092
TSLA,2026-01-17T18:00:24.190Z,951.24,970.03,923.21,940.96,2692614
TSLA,2026-01-18T18:00:24.190Z,940.96,957.63,921.57,929.68,2007977
TSLA,2026-01-19T18:00:24.190Z,929.68,934.29,903.89,918.81,8062183
TSLA,2026-01-20T18:00:24.190Z,918.81,926.90,910.06,910.61,4850054
TSLA,2026-01-21T18:00:24.190Z,910.61,916.13,910.28,912.77,2080150
TSLA,2026-01-22T18:00:24.190Z,912.77,940.69,903.96,926.65,5522167
TSLA,2026-01-23T18:00:24.190Z,926.65,933.93,906.45,907.97,1812070
TSLA,2026-01-24T18:00:24.190Z,907.97,913.56,888.25,904.40,2108233
TSLA,2026-01-25T18:00:24.190Z,904.40,925.41,894.96,920.23,8003663
TSLA,2026-01-26T18:00:24.190Z,920.23,921.77,903.02,905.89,3894938
TSLA,2026-01-27T18:00:24.190Z,905.89,917.46,895.10,907.11,7794433
TSLA,2026-01-28T18:00:24.190Z,907.11,945.03,892.46,927.95,6209601
TSLA,2026-01-29T18:00:24.190Z,927.95,934.45,899.81,915.74,1673417
TSLA,2026-01-30T18:00:24.190Z,915.74,953.84,911.39,935.59,6487524
TSLA,2026-01-31T18:00:24.190Z,935.59,962.69,932.62,953.78,7429386
TSLA,2026-02-01T18:00:24.190Z,953.78,973.59,938.78,958.10,4178710
TSLA,2026-02-02T18:00:24.190Z,958.10,986.00,943.41,972.20,8470543
TSLA,2026-02-03T18:00:24.190Z,972.20,978.75,959.53,968.21,2907356
TSLA,2026-02-04T18:00:24.190Z,968.21,978.31,951.45,978.25,9603931
TSLA,2026-02-05T18:00:24.190Z,978.25,995.59,956.48,959.55,4509871
TSLA,2026-02-06T18:00:24.190Z,959.55,984.85,957.47,976.89,8494925
TSLA,2026-02-07T18:00:24.190Z,976.89,991.06,952.38,956.40,1176026
TSLA,2026-02-08T18:00:24.190Z,956.40,972.00,938.61,959.60,4051536
TSLA,2026-02-09T18:00:24.190Z,959.60,973.69,947.05,959.68,5773780
TSLA,2026-02-10T18:00:24.190Z,959.68,969.82,936.54,939.19,2998823
TSLA,2026-02-11T18:00:24.190Z,939.19,942.06,917.26,918.88,4984030
TSLA,2026-02-12T18:00:24.190Z,918.88,933.18,886.44,901.46,1682174
TSLA,2026-02-13T18:00:24.190Z,901.46,907.17,885.91,902.38,3015608
TSLA,2026-02-14T18:00:24.190Z,902.38,904.53,890.11,891.93,1930149
TSLA,2026-02-15T18:00:24.190Z,891.93,915.33,878.35,904.39,2848412
TSLA,2026-02-16T18:00:24.190Z,904.39,912.16,879.29,894.13,5444442
TSLA,2026-02-17T18:00:24.190Z,894.13,925.16,887.52,913.41,2694206
TSLA,2026-02-18T18:00:24.190Z,913.41,936.59,908.03,922.48,9287091
TSLA,2026-02-19T18:00:24.190Z,922.48,931.92,899.69,912.53,6116613
TSLA,2026-02-20T18:00:24.190Z,912.53,944.67,901.19,929.49,3929261
TSLA,2026-02-21T18:00:24.190Z,929.49,963.49,914.05,951.35,5936091
TSLA,2026-02-22T18:00:24.190Z,951.35,975.09,938.73,970.73,3726718
TSLA,2026-02-23T18:00:24.190Z,970.73,1006.48,958.36,993.33,9440291
TSLA,2026-02-24T18:00:24.190Z,993.33,1001.31,982.33,990.50,5566412
TSLA,2026-02-25T18:00:24.190Z,990.50,1015.19,980.78,1008.49,10743157
TSLA,2026-02-26T18:00:24.190Z,1008.49,1032.18,997.64,1020.95,9916036
TSLA,2026-02-27T18:00:24.190Z,1020.95,1033.04,1004.78,1008.31,7642818
TSLA,2026-02-28T18:00:24.190Z,1008.31,1009.23,991.85,1008.12,7893849
TSLA,2026-03-01T18:00:24.190Z,1008.12,1038.02,1001.30,1033.81,6337100
TSLA,2026-03-02T18:00:24.190Z,1033.81,1055.44,1024.58,1043.90,2997799
TSLA,2026-03-03T18:00:24.190Z,1043.90,1064.65,1024.96,1055.73,1485273
TSLA,2026-03-04T18:00:24.190Z,1055.73,1088.60,1055.17,1069.26,9129621
TSLA,2026-03-05T18:00:24.190Z,1069.26,1077.52,1052.09,1057.99,8741444
TSLA,2026-03-06T18:00:24.190Z,1057.99,1080.02,1037.13,1077.11,3729606
TSLA,2026-03-07T18:00:24.190Z,1077.11,1095.54,1065.95,1093.08,10341823
TSLA,2026-03-08T18:00:24.190Z,1093.08,1102.16,1080.79,1097.83,4207254
TSLA,2026-03-09T18:00:24.190Z,1097.83,1110.46,1090.97,1095.92,1302817
TSLA,2026-03-10T18:00:24.190Z,1095.92,1103.41,1071.72,1083.26,5945865
TSLA,2026-03-11T18:00:24.190Z,1083.26,1093.08,1063.96,1073.04,2229428
TSLA,2026-03-12T18:00:24.190Z,1073.04,1077.81,1071.45,1074.29,1495869
TSLA,2026-03-13T18:00:24.190Z,1074.29,1080.95,1065.73,1076.23,4433098
TSLA,2026-03-14T18:00:24.190Z,1076.23,1088.14,1066.02,1081.58,8721661
TSLA,2026-03-15T18:00:24.190Z,1081.58,1104.44,1068.51,1090.88,10914722
TSLA,2026-03-16T18:00:24.190Z,1090.88,1117.91,1089.22,1104.88,3262815
TSLA,2026-03-17T18:00:24.190Z,1104.88,1110.75,1081.70,1094.88,5257715
TSLA,2026-03-18T18:00:24.190Z,1094.88,1110.57,1060.43,1081.26,10434272
TSLA,2026-03-19T18:00:24.190Z,1081.26,1089.84,1044.59,1065.80,3092871
TSLA,2026-03-20T18:00:24.190Z,1065.80,1102.80,1055.80,1085.23,4686047
TSLA,2026-03-21T18:00:24.190Z,1085.23,1096.45,1066.66,1081.07,7233196
TSLA,2026-03-22T18:00:24.190Z,1081.07,1098.85,1051.84,1057.48,9261871
TSLA,2026-03-23T18:00:24.190Z,1057.48,1098.20,1045.66,1077.40,9345843
TSLA,2026-03-24T18:00:24.190Z,1077.40,1081.22,1048.56,1053.97,6369544
TSLA,2026-03-25T18:00:24.190Z,1053.97,1060.60,1038.90,1054.86,7037127
TSLA,2026-03-26T18:00:24.190Z,1054.86,1086.78,1048.66,1071.56,1709622
TSLA,2026-03-27T18:00:24.190Z,1071.56,1091.36,1066.37,1082.71,1106191
TSLA,2026-03-28T18:00:24.190Z,1082.71,1113.61,1074.51,1110.12,3089415
TSLA,2026-03-29T18:00:24.190Z,1110.12,1129.88,1071.31,1086.57,8139648
TSLA,2026-03-30T18:00:24.190Z,1086.57,1104.17,1078.03,1096.66,10166184
TSLA,2026-03-31T18:00:24.190Z,1096.66,1130.71,1076.14,1112.32,9340367
TSLA,2026-04-01T18:00:24.190Z,1112.32,1139.86,1103.95,1121.53,2881288
TSLA,2026-04-02T18:00:24.190Z,1121.53,1123.04,1100.34,1103.09,9530449
TSLA,2026-04-03T18:00:24.190Z,1103.09,1131.27,1095.78,1127.39,9750125
TSLA,2026-04-04T18:00:24.190Z,1127.39,1143.14,1119.94,1134.83,3584936
TSLA,2026-04-05T18:00:24.190Z,1134.83,1152.49,1114.43,1142.42,1060648
TSLA,2026-04-06T18:00:24.190Z,1142.42,1162.12,1115.77,1137.35,2856258
TSLA,2026-04-07T18:00:24.190Z,1137.35,1152.42,1123.71,1151.04,5148121
TSLA,2026-04-08T18:00:24.190Z,1151.04,1172.02,1141.85,1163.51,2186019
TSLA,2026-04-09T18:00:24.190Z,1163.51,1204.33,1163.48,1189.42,1890057
TSLA,2026-04-10T18:00:24.190Z,1189.42,1218.49,1185.44,1200.96,10223542
TSLA,2026-04-11T18:00:24.190Z,1200.96,1219.21,1182.97,1213.09,3964721
TSLA,2026-04-12T18:00:24.190Z,1213.09,1227.49,1189.43,1222.18,7004076
TSLA,2026-04-13T18:00:24.190Z,1222.18,1236.90,1199.40,1218.90,6966259
TSLA,2026-04-14T18:00:24.190Z,1218.90,1237.75,1193.56,1206.44,3576025
TSLA,2026-04-15T18:00:24.190Z,1206.44,1224.21,1194.10,1199.78,7006009
TSLA,2026-04-16T18:00:24.190Z,1199.78,1216.53,1181.68,1192.71,3015068
TSLA,2026-04-17T18:00:24.190Z,1192.71,1229.81,1181.66,1209.21,7623166
TSLA,2026-04-18T18:00:24.190Z,1209.21,1222.30,1180.51,1200.45,10621192
TSLA,2026-04-19T18:00:24.190Z,1200.45,1220.79,1177.74,1218.77,6636608
TSLA,2026-04-20T18:00:24.190Z,1218.77,1234.43,1196.60,1233.82,9103920
TSLA,2026-04-21T18:00:24.190Z,1233.82,1242.29,1182.50,1205.88,8163370
TSLA,2026-04-22T18:00:24.190Z,1205.88,1222.11,1198.65,1218.65,4672402
TSLA,2026-04-23T18:00:24.190Z,1218.65,1256.92,1194.91,1240.67,3932582
TSLA,2026-04-24T18:00:24.190Z,1240.67,1265.48,1194.68,1214.80,3805015
TSLA,2026-04-25T18:00:24.190Z,1214.80,1231.23,1186.51,1208.79,10280083
TSLA,2026-04-26T18:00:24.190Z,1208.79,1240.84,1197.62,1233.83,1179046
TSLA,2026-04-27T18:00:24.190Z,1233.83,1252.66,1211.40,1215.67,5543674
TSLA,2026-04-28T18:00:24.190Z,1215.67,1257.19,1197.70,1243.42,8370567
TSLA,2026-04-29T18:00:24.190Z,1243.42,1267.69,1237.49,1258.14,3659037
TSLA,2026-04-30T18:00:24.190Z,1258.14,1281.51,1231.66,1234.57,1271753
TSLA,2026-05-01T18:00:24.190Z,1234.57,1255.54,1228.34,1250.61,7647268
TSLA,2026-05-02T18:00:24.190Z,1250.61,1258.36,1228.07,1236.93,5191731
TSLA,2026-05-03T18:00:24.190Z,1236.93,1270.19,1216.16,1255.63,8299867
TSLA,2026-05-04T18:00:24.190Z,1255.63,1281.79,1237.66,1276.00,4841629
TSLA,2026-05-05T18:00:24.190Z,1276.00,1308.20,1266.50,1301.35,9305869
TSLA,2026-05-06T18:00:24.190Z,1301.35,1341.12,1283.74,1330.15,7121494
TSLA,2026-05-07T18:00:24.190Z,1330.15,1346.76,1302.53,1322.07,10055534
TSLA,2026-05-08T18:00:24.190Z,1322.07,1351.94,1320.81,1328.47,6240113
TSLA,2026-05-09T18:00:24.190Z,1328.47,1336.26,1293.03,1306.29,3742694
TSLA,2026-05-10T18:00:24.190Z,1306.29,1332.88,1300.36,1307.97,2952153
TSLA,2026-05-11T18:00:24.190Z,1307.97,1322.01,1293.54,1296.10,10278939
TSLA,2026-05-12T18:00:24.190Z,1296.10,1340.79,1285.56,1328.69,3427967
TSLA,2026-05-13T18:00:24.190Z,1328.69,1355.55,1315.56,1342.54,8407327
TSLA,2026-05-14T18:00:24.190Z,1342.54,1358.44,1321.50,1336.35,9416900
TSLA,2026-05-15T18:00:24.190Z,1336.35,1351.86,1312.30,1319.86,2778932
TSLA,2026-05-16T18:00:24.190Z,1319.86,1337.72,1302.53,1336.60,3001718
TSLA,2026-05-17T18:00:24.190Z,1336.60,1352.62,1330.53,1343.30,5729224
TSLA,2026-05-18T18:00:24.190Z,1343.30,1355.37,1327.91,1355.18,2342254
TSLA,2026-05-19T18:00:24.190Z,1355.18,1387.58,1349.77,1372.56,3470223
TSLA,2026-05-20T18:00:24.190Z,1372.56,1407.69,1346.40,1394.19,3416295
TSLA,2026-05-21T18:00:24.190Z,1394.19,1417.35,1364.29,1374.81,10502520
TSLA,2026-05-22T18:00:24.190Z,1374.81,1384.60,1351.90,1358.80,9568252
TSLA,2026-05-23T18:00:24.190Z,1358.80,1398.20,1353.24,1394.11,9208642
TSLA,2026-05-24T18:00:24.190Z,1394.11,1430.40,1367.09,1425.17,3140159
TSLA,2026-05-25T18:00:24.190Z,1425.17,1442.25,1417.95,1428.26,6887504
TSLA,2026-05-26T18:00:24.190Z,1428.26,1462.35,1404.92,1454.44,8930002
TSLA,2026-05-27T18:00:24.190Z,1454.44,1462.61,1415.01,1422.34,6384705
TSLA,2026-05-28T18:00:24.190Z,1422.34,1422.90,1393.67,1393.73,3004613
TSLA,2026-05-29T18:00:24.190Z,1393.73,1419.98,1388.11,1395.62,2795664
TSLA,2026-05-30T18:00:24.190Z,1395.62,1407.97,1381.98,1385.08,10608838
TSLA,2026-05-31T18:00:24.190Z,1385.08,1404.84,1376.19,1402.58,10941739
TSLA,2026-06-01T18:00:24.190Z,1402.58,1427.63,1378.08,1415.43,9101833
TSLA,2026-06-02T18:00:24.190Z,1415.43,1443.01,1405.06,1422.80,5022114
TSLA,2026-06-03T18:00:24.190Z,1422.80,1458.92,1413.48,1453.04,6645773
TSLA,2026-06-04T18:00:24.190Z,1453.04,1474.49,1426.68,1469.88,9512066
TSLA,2026-06-05T18:00:24.190Z,1469.88,1493.31,1434.67,1439.96,2526665
TSLA,2026-06-06T18:00:24.190Z,1439.96,1445.90,1412.70,1428.46,1468431
TSLA,2026-06-07T18:00:24.190Z,1428.46,1447.06,1410.76,1434.43,5508817
TSLA,2026-06-08T18:00:24.190Z,1434.43,1485.59,1416.47,1464.77,6521369
TSLA,2026-06-09T18:00:24.190Z,1464.77,1482.64,1449.38,1463.39,1142197
TSLA,2026-06-10T18:00:24.190Z,1463.39,1498.68,1455.35,1486.10,6765522
TSLA,2026-06-11T18:00:24.190Z,1486.10,1500.43,1444.84,1467.58,9052108
TSLA,2026-06-12T18:00:24.190Z,1467.58,1479.18,1441.24,1441.49,5692183
TSLA,2026-06-13T18:00:24.190Z,1441.49,1478.55,1426.78,1464.07,3334690
TSLA,2026-06-14T18:00:24.190Z,1464.07,1523.59,1456.36,1497.01,7092518
TSLA,2026-06-15T18:00:24.190Z,1497.01,1513.99,1478.36,1510.07,8352202
TSLA,2026-06-16T18:00:24.190Z,1510.07,1539.19,1500.29,1526.27,5250138
TSLA,2026-06-17T18:00:24.190Z,1526.27,1535.19,1505.85,1510.08,10050629
TSLA,2026-06-18T18:00:24.190Z,1510.08,1538.02,1489.46,1507.78,10719234
TSLA,2026-06-19T18:00:24.190Z,1507.78,1522.89,1479.65,1499.75,2058880
TSLA,2026-06-20T18:00:24.190Z,1499.75,1519.38,1475.95,1494.22,5463828
TSLA,2026-06-21T18:00:24.190Z,1494.22,1519.00,1482.24,1501.32,10301141
TSLA,2026-06-22T18:00:24.190Z,1501.32,1529.35,1476.29,1511.10,2310774
TSLA,2026-06-23T18:00:24.190Z,1511.10,1519.17,1504.26,1519.16,7082138
TSLA,2026-06-24T18:00:24.190Z,1519.16,1579.06,1500.20,1558.10,3319944
TSLA,2026-06-25T18:00:24.190Z,1558.10,1576.40,1541.87,1542.53,9442930
TSLA,2026-06-26T18:00:24.190Z,1542.53,1546.04,1522.93,1525.14,8057099
TSLA,2026-06-27T18:00:24.190Z,1525.14,1527.74,1512.39,1515.88,7260849
TSLA,2026-06-28T18:00:24.190Z,1515.88,1541.01,1492.70,1538.73,3450807
TSLA,2026-06-29T18:00:24.190Z,1538.73,1561.29,1497.66,1502.40,10611068
TSLA,2026-06-30T18:00:24.190Z,1502.40,1526.76,1492.29,1521.52,10332893
TSLA,2026-07-01T18:00:24.190Z,1521.52,1559.94,1505.45,1555.61,2902294
TSLA,2026-07-02T18:00:24.190Z,1555.61,1580.34,1534.93,1559.11,2032903
TSLA,2026-07-03T18:00:24.190Z,1559.11,1616.04,1528.67,1594.94,5218684
TSLA,2026-07-04T18:00:24.190Z,1594.94,1622.81,1562.70,1573.05,6864511
TSLA,2026-07-05T18:00:24.190Z,1573.05,1616.07,1568.84,1591.10,1267054
TSLA,2026-07-06T18:00:24.190Z,1591.10,1613.26,1564.27,1584.10,10608829
TSLA,2026-07-07T18:00:24.190Z,1584.10,1605.21,1580.05,1601.12,7870411
TSLA,2026-07-08T18:00:24.190Z,1601.12,1635.34,1592.43,1608.67,1735737
TSLA,2026-07-09T18:00:24.190Z,1608.67,1629.61,1575.96,1594.86,10753626
TSLA,2026-07-10T18:00:24.190Z,1594.86,1631.14,1587.48,1622.98,7213837
TSLA,2026-07-11T18:00:24.190Z,1622.98,1662.92,1619.90,1636.14,8817285
TSLA,2026-07-12T18:00:24.190Z,1636.14,1675.93,1629.01,1668.07,5787785
TSLA,2026-07-13T18:00:24.190Z,1668.07,1691.73,1636.45,1646.94,7305357
TSLA,2026-07-14T18:00:24.190Z,1646.94,1651.33,1607.86,1631.09,4648009
TSLA,2026-07-15T18:00:24.190Z,1631.09,1638.66,1618.60,1631.70,3841177
TSLA,2026-07-16T18:00:24.190Z,1631.70,1648.35,1629.57,1646.27,2608658
TSLA,2026-07-17T18:00:24.190Z,1646.27,1671.57,1595.74,1608.67,6496560
TSLA,2026-07-18T18:00:24.190Z,1608.67,1623.74,1571.15,1573.65,3178333
TSLA,2026-07-19T18:00:24.190Z,1573.65,1608.36,1571.73,1578.24,9191880
TSLA,2026-07-20T18:00:24.190Z,1578.24,1622.25,1574.91,1611.79,6196420
TSLA,2026-07-21T18:00:24.190Z,1611.79,1635.75,1578.72,1607.24,1541878
TSLA,2026-07-22T18:00:24.190Z,1607.24,1627.04,1548.68,1571.94,9616085
TSLA,2026-07-23T18:00:24.190Z,1571.94,1579.59,1516.10,1545.18,6824163
TSLA,2026-07-24T18:00:24.190Z,1545.18,1568.37,1503.02,1526.56,2740578
TSLA,2026-07-25T18:00:24.190Z,1526.56,1554.97,1516.08,1522.77,9537752
TSLA,2026-07-26T18:00:24.190Z,1522.77,1558.88,1494.89,1553.48,2438033
TSLA,2026-07-27T18:00:24.190Z,1553.48,1563.52,1540.17,1552.85,10430944
TSLA,2026-07-28T18:00:24.190Z,1552.85,1577.80,1519.52,1539.16,6463425
TSLA,2026-07-29T18:00:24.190Z,1539.16,1566.96,1515.93,1551.29,4665455
TSLA,2026-07-30T18:00:24.190Z,1551.29,1578.40,1525.96,1535.11,6587944
TSLA,2026-07-31T18:00:24.190Z,1535.11,1535.56,1488.78,1507.44,9640733
TSLA,2026-08-01T18:00:24.190Z,1507.44,1517.25,1471.70,1483.91,7849552
TSLA,2026-08-02T18:00:24.190Z,1483.91,1516.08,1470.39,1502.64,9304400
TSLA,2026-08-03T18:00:24.190Z,1502.64,1552.15,1481.54,1525.12,2684737
TSLA,2026-08-04T18:00:24.190Z,1525.12,1548.08,1519.96,1525.09,7222891
TSLA,2026-08-05T18:00:24.190Z,1525.09,1546.35,1478.38,1491.98,7239163
TSLA,2026-08-06T18:00:24.190Z,1491.98,1520.08,1469.44,1512.63,7886701
TSLA,2026-08-07T18:00:24.190Z,1512.63,1542.73,1489.02,1516.57,1471208
TSLA,2026-08-08T18:00:24.190Z,1516.57,1553.51,1507.91,1537.30,10042321
TSLA,2026-08-09T18:00:24.190Z,1537.30,1597.49,1534.22,1574.65,3883265
TSLA,2026-08-10T18:00:24.190Z,1574.65,1626.56,1554.43,1607.10,10288857
TSLA,2026-08-11T18:00:24.190Z,1607.10,1646.28,1600.41,1630.75,6419992
TSLA,2026-08-12T18:00:24.190Z,1630.75,1673.37,1629.43,1668.89,5925279
TSLA,2026-08-13T18:00:24.190Z,1668.89,1700.25,1656.69,1678.68,6967888
TSLA,2026-08-14T18:00:24.190Z,1678.68,1707.88,1637.60,1656.17,5238217
TSLA,2026-08-15T18:00:24.190Z,1656.17,1675.84,1624.28,1649.37,5063520
TSLA,2026-08-16T18:00:24.190Z,1649.37,1656.91,1613.84,1618.49,10688382
TSLA,2026-08-17T18:00:24.190Z,1618.49,1638.60,1618.11,1620.25,5900031
TSLA,2026-08-18T18:00:24.190Z,1620.25,1646.92,1599.74,1629.23,5929139
TSLA,2026-08-19T18:00:24.190Z,1629.23,1647.38,1582.07,1600.16,3899533
TSLA,2026-08-20T18:00:24.190Z,1600.16,1600.20,1559.53,1584.62,9830942
TSLA,2026-08-21T18:00:24.190Z,1584.62,1605.84,1551.38,1582.07,5150990
TSLA,2026-08-22T18:00:24.190Z,1582.07,1612.39,1567.64,1589.41,5491879
TSLA,2026-08-23T18:00:24.190Z,1589.41,1630.30,1585.58,1618.49,3540544
TSLA,2026-08-24T18:00:24.190Z,1618.49,1619.71,1583.15,1604.42,5863606
TSLA,2026-08-25T18:00:24.190Z,1604.42,1628.96,1551.33,1573.12,10919981
TSLA,2026-08-26T18:00:24.190Z,1573.12,1586.32,1524.53,1544.33,2269419
TSLA,2026-08-27T18:00:24.190Z,1544.33,1553.76,1506.07,1520.99,8869242
TSLA,2026-08-28T18:00:24.190Z,1520.99,1535.08,1494.20,1534.13,6451291
TSLA,2026-08-29T18:00:24.190Z,1534.13,1547.78,1508.50,1518.98,9158946
TSLA,2026-08-30T18:00:24.190Z,1518.98,1534.86,1508.53,1520.04,9833050
TSLA,2026-08-31T18:00:24.190Z,1520.04,1547.64,1518.34,1534.07,2113373
TSLA,2026-09-01T18:00:24.190Z,1534.07,1571.66,1530.86,1555.39,6462663
TSLA,2026-09-02T18:00:24.190Z,1555.39,1581.07,1521.20,1540.51,8757964
TSLA,2026-09-03T18:00:24.190Z,1540.51,1592.41,1535.96,1571.08,7182816
TSLA,2026-09-04T18:00:24.190Z,1571.08,1623.91,1561.44,1605.33,3748902
TSLA,2026-09-05T18:00:24.190Z,1605.33,1629.98,1565.28,1576.77,4902960
TSLA,2026-09-06T18:00:24.190Z,1576.77,1599.43,1560.58,1574.30,4236761
TSLA,2026-09-07T18:00:24.190Z,1574.30,1580.39,1547.13,1563.27,8582069
TSLA,2026-09-08T18:00:24.190Z,1563.27,1575.28,1536.06,1548.12,4901785
TSLA,2026-09-09T18:00:24.190Z,1548.12,1576.25,1524.49,1530.13,1528975
TSLA,2026-09-10T18:00:24.190Z,1530.13,1585.50,1510.51,1567.40,9244571
TSLA,2026-09-11T18:00:24.190Z,1567.40,1602.94,1537.95,1585.19,10920306
TSLA,2026-09-12T18:00:24.190Z,1585.19,1597.60,1530.97,1547.39,2497142
TSLA,2026-09-13T18:00:24.190Z,1547.39,1605.20,1522.92,1573.79,3973579
TSLA,2026-09-14T18:00:24.190Z,1573.79,1583.30,1567.23,1578.44,3985054
TSLA,2026-09-15T18:00:24.190Z,1578.44,1638.61,1574.16,1617.07,1202362
TSLA,2026-09-16T18:00:24.190Z,1617.07,1634.67,1582.81,1599.38,1830210
TSLA,2026-09-17T18:00:24.190Z,1599.38,1602.61,1597.19,1599.60,3437092
TSLA,2026-09-18T18:00:24.190Z,1599.60,1652.26,1591.99,1621.62,10752774
TSLA,2026-09-19T18:00:24.190Z,1621.62,1625.43,1592.75,1609.53,1475874
TSLA,2026-09-20T18:00:24.190Z,1609.53,1663.96,1599.86,1643.60,7074542
TSLA,2026-09-21T18:00:24.190Z,1643.60,1679.51,1617.74,1673.13,5343929
TSLA,2026-09-22T18:00:24.190Z,1673.13,1697.06,1646.86,1685.37,5266190
TSLA,2026-09-23T18:00:24.190Z,1685.37,1690.38,1653.76,1678.24,2763599
TSLA,2026-09-24T18:00:24.190Z,1678.24,1703.08,1621.26,1653.25,5656373
TSLA,2026-09-25T18:00:24.190Z,1653.25,1672.01,1614.04,1628.99,1280167
TSLA,2026-09-26T18:00:24.190Z,1628.99,1664.45,1620.35,1654.90,2916983
TSLA,2026-09-27T18:00:24.190Z,1654.90,1682.07,1635.29,1657.35,6555411
TSLA,2026-09-28T18:00:24.190Z,1657.35,1685.50,1613.52,1625.27,10596410
TSLA,2026-09-29T18:00:24.190Z,1625.27,1660.12,1604.39,1639.47,1847382
TSLA,2026-09-30T18:00:24.190Z,1639.47,1641.41,1606.75,1616.65,4335300
TSLA,2026-10-01T18:00:24.190Z,1616.65,1643.81,1579.56,1597.29,1302320
TSLA,2026-10-02T18:00:24.190Z,1597.29,1649.93,1590.79,1625.81,2854378
TSLA,2026-10-03T18:00:24.190Z,1625.81,1631.67,1590.82,1610.81,1609889
TSLA,2026-10-04T18:00:24.190Z,1610.81,1662.76,1605.97,1634.04,6526446
AMZN,2025-12-08T18:00:24.190Z,3300.00,3344.42,3287.55,3331.44,2637762
AMZN,2025-12-09T18:00:24.190Z,3331.44,3395.19,3262.08,3311.42,8008784
AMZN,2025-12-10T18:00:24.190Z,3311.42,3329.57,3255.31,3296.71,1401812
AMZN,2025-12-11T18:00:24.190Z,3296.71,3355.64,3242.99,3267.68,3200142
AMZN,2025-12-12T18:00:24.190Z,3267.68,3290.63,3248.63,3284.96,1422514
AMZN,2025-12-13T18:00:24.190Z,3284.96,3318.67,3259.98,3279.95,4004905
AMZN,2025-12-14T18:00:24.190Z,3279.95,3310.86,3207.56,3267.18,5154767
AMZN,2025-12-15T18:00:24.190Z,3267.18,3328.96,3234.20,3238.06,3300340
AMZN,2025-12-16T18:00:24.190Z,3238.06,3265.53,3204.12,3236.20,2977544
AMZN,2025-12-17T18:00:24.190Z,3236.20,3251.66,3226.29,3246.71,8002792
AMZN,2025-12-18T18:00:24.190Z,3246.71,3286.46,3214.12,3266.76,8623507
AMZN,2025-12-19T18:00:24.190Z,3266.76,3321.01,3218.87,3249.24,9488171
AMZN,2025-12-20T18:00:24.190Z,3249.24,3271.92,3225.63,3269.88,2830211
AMZN,2025-12-21T18:00:24.190Z,3269.88,3279.05,3223.37,3260.81,3231563
AMZN,2025-12-22T18:00:24.190Z,3260.81,3318.57,3187.50,3240.14,8310083
AMZN,2025-12-23T18:00:24.190Z,3240.14,3259.24,3203.21,3226.18,2559444
AMZN,2025-12-24T18:00:24.190Z,3226.18,3279.25,3149.42,3203.41,1474360
AMZN,2025-12-25T18:00:24.190Z,3203.41,3221.48,3128.63,3183.82,8590000
AMZN,2025-12-26T18:00:24.190Z,3183.82,3241.06,3148.78,3177.87,9006839
AMZN,2025-12-27T18:00:24.190Z,3177.87,3219.91,3176.32,3195.31,8199329
AMZN,2025-12-28T18:00:24.190Z,3195.31,3246.39,3149.36,3184.45,6273571
AMZN,2025-12-29T18:00:24.190Z,3184.45,3210.77,3170.79,3177.06,6993207
AMZN,2025-12-30T18:00:24.190Z,3177.06,3194.37,3171.13,3183.38,2979375
AMZN,2025-12-31T18:00:24.190Z,3183.38,3235.10,3145.29,3179.31,10364719
AMZN,2026-01-01T18:00:24.190Z,3179.31,3239.80,3107.63,3156.68,8263566
AMZN,2026-01-02T18:00:24.190Z,3156.68,3221.55,3152.08,3184.52,2708620
AMZN,2026-01-03T18:00:24.190Z,3184.52,3241.61,3125.18,3161.35,3063148
AMZN,2026-01-04T18:00:24.190Z,3161.35,3179.29,3145.05,3170.10,6062394
AMZN,2026-01-05T18:00:24.190Z,3170.10,3222.75,3127.61,3181.17,1688599
AMZN,2026-01-06T18:00:24.190Z,3181.17,3189.69,3154.04,3180.03,6989505
AMZN,2026-01-07T18:00:24.190Z,3180.03,3224.14,3124.13,3189.96,1231119
AMZN,2026-01-08T18:00:24.190Z,3189.96,3238.29,3165.97,3182.35,5474668
AMZN,2026-01-09T18:00:24.190Z,3182.35,3203.95,3181.79,3186.45,3075322
AMZN,2026-01-10T18:00:24.190Z,3186.45,3242.29,3144.52,3198.62,6695298
AMZN,2026-01-11T18:00:24.190Z,3198.62,3213.67,3176.37,3209.74,3046924
AMZN,2026-01-12T18:00:24.190Z,3209.74,3244.82,3189.24,3198.21,6886852
AMZN,2026-01-13T18:00:24.190Z,3198.21,3262.67,3146.72,3229.71,1872383
AMZN,2026-01-14T18:00:24.190Z,3229.71,3290.79,3165.86,3248.38,2222558
AMZN,2026-01-15T18:00:24.190Z,3248.38,3283.88,3211.85,3257.27,3765987
AMZN,2026-01-16T18:00:24.190Z,3257.27,3328.28,3232.49,3268.10,10479874
AMZN,2026-01-17T18:00:24.190Z,3268.10,3281.68,3227.67,3249.97,3843637
AMZN,2026-01-18T18:00:24.190Z,3249.97,3278.94,3204.01,3255.23,5707122
AMZN,2026-01-19T18:00:24.190Z,3255.23,3324.46,3234.29,3285.61,9954752
AMZN,2026-01-20T18:00:24.190Z,3285.61,3310.04,3220.04,3258.80,5965478
AMZN,2026-01-21T18:00:24.190Z,3258.80,3312.63,3243.39,3270.91,9853279
AMZN,2026-01-22T18:00:24.190Z,3270.91,3278.69,3205.79,3265.69,10786584
AMZN,2026-01-23T18:00:24.190Z,3265.69,3284.63,3246.74,3263.18,3921102
AMZN,2026-01-24T18:00:24.190Z,3263.18,3273.76,3202.24,3243.33,5388494
AMZN,2026-01-25T18:00:24.190Z,3243.33,3322.00,3189.12,3272.37,6877448
AMZN,2026-01-26T18:00:24.190Z,3272.37,3316.89,3227.96,3304.42,2779571
AMZN,2026-01-27T18:00:24.190Z,3304.42,3326.22,3255.76,3292.05,8918756
AMZN,2026-01-28T18:00:24.190Z,3292.05,3313.45,3251.90,3283.88,9834132
AMZN,2026-01-29T18:00:24.190Z,3283.88,3345.80,3229.65,3299.54,10104424
AMZN,2026-01-30T18:00:24.190Z,3299.54,3301.56,3270.67,3289.42,4837453
AMZN,2026-01-31T18:00:24.190Z,3289.42,3335.01,3277.53,3286.04,5957828
AMZN,2026-02-01T18:00:24.190Z,3286.04,3346.13,3221.44,3277.70,1416897
AMZN,2026-02-02T18:00:24.190Z,3277.70,3329.35,3241.33,3279.69,6197398
AMZN,2026-02-03T18:00:24.190Z,3279.69,3349.27,3239.76,3288.02,9424336
AMZN,2026-02-04T18:00:24.190Z,3288.02,3324.44,3279.39,3316.11,10964652
AMZN,2026-02-05T18:00:24.190Z,3316.11,3366.65,3249.69,3295.30,5924474
AMZN,2026-02-06T18:00:24.190Z,3295.30,3339.10,3278.97,3292.26,5310506
AMZN,2026-02-07T18:00:24.190Z,3292.26,3315.13,3247.94,3268.00,9711637
AMZN,2026-02-08T18:00:24.190Z,3268.00,3332.08,3261.18,3271.62,5821279
AMZN,2026-02-09T18:00:24.190Z,3271.62,3335.37,3190.24,3249.33,2240599
AMZN,2026-02-10T18:00:24.190Z,3249.33,3273.16,3189.69,3247.76,3279456
AMZN,2026-02-11T18:00:24.190Z,3247.76,3256.30,3181.05,3237.83,4134175
AMZN,2026-02-12T18:00:24.190Z,3237.83,3279.51,3174.89,3240.99,5951295
AMZN,2026-02-13T18:00:24.190Z,3240.99,3268.12,3222.81,3265.37,6420060
AMZN,2026-02-14T18:00:24.190Z,3265.37,3356.97,3236.99,3294.30,7492995
AMZN,2026-02-15T18:00:24.190Z,3294.30,3302.40,3231.93,3294.09,9438335
AMZN,2026-02-16T18:00:24.190Z,3294.09,3309.32,3217.29,3266.46,7658709
AMZN,2026-02-17T18:00:24.190Z,3266.46,3288.69,3250.31,3269.52,2244702
AMZN,2026-02-18T18:00:24.190Z,3269.52,3299.50,3225.88,3296.51,2092250
AMZN,2026-02-19T18:00:24.190Z,3296.51,3358.51,3232.53,3285.45,7893517
AMZN,2026-02-20T18:00:24.190Z,3285.45,3290.89,3220.92,3289.50,1575136
AMZN,2026-02-21T18:00:24.190Z,3289.50,3363.58,3243.87,3306.92,9851777
AMZN,2026-02-22T18:00:24.190Z,3306.92,3368.18,3252.29,3282.99,4962212
AMZN,2026-02-23T18:00:24.190Z,3282.99,3341.36,3226.94,3254.15,1047747
AMZN,2026-02-24T18:00:24.190Z,3254.15,3337.72,3221.17,3285.89,8333946
AMZN,2026-02-25T18:00:24.190Z,3285.89,3309.05,3273.18,3294.50,1085104
AMZN,2026-02-26T18:00:24.190Z,3294.50,3321.26,3254.22,3319.27,8015069
AMZN,2026-02-27T18:00:24.190Z,3319.27,3410.09,3286.47,3343.67,9647373
AMZN,2026-02-28T18:00:24.190Z,3343.67,3392.94,3305.55,3317.85,9651260
AMZN,2026-03-01T18:00:24.190Z,3317.85,3383.32,3260.47,3340.56,3904256
AMZN,2026-03-02T18:00:24.190Z,3340.56,3388.86,3275.62,3369.28,4638177
AMZN,2026-03-03T18:00:24.190Z,3369.28,3401.19,3332.06,3397.89,8135278
AMZN,2026-03-04T18:00:24.190Z,3397.89,3438.16,3346.46,3410.77,1475203
AMZN,2026-03-05T18:00:24.190Z,3410.77,3443.12,3333.78,3392.37,6050620
AMZN,2026-03-06T18:00:24.190Z,3392.37,3410.79,3349.52,3389.50,4942761
AMZN,2026-03-07T18:00:24.190Z,3389.50,3390.69,3360.85,3376.84,5367982
AMZN,2026-03-08T18:00:24.190Z,3376.84,3417.31,3310.55,3382.95,6596378
AMZN,2026-03-09T18:00:24.190Z,3382.95,3425.08,3367.39,3412.41,7288764
AMZN,2026-03-10T18:00:24.190Z,3412.41,3455.19,3382.48,3432.36,6459849
AMZN,2026-03-11T18:00:24.190Z,3432.36,3435.42,3378.71,3403.53,6449083
AMZN,2026-03-12T18:00:24.190Z,3403.53,3412.30,3331.46,3383.21,3724318
AMZN,2026-03-13T18:00:24.190Z,3383.21,3435.11,3332.54,3363.66,4788804
AMZN,2026-03-14T18:00:24.190Z,3363.66,3428.06,3361.95,3370.81,10179216
AMZN,2026-03-15T18:00:24.190Z,3370.81,3404.70,3358.00,3368.64,8560667
AMZN,2026-03-16T18:00:24.190Z,3368.64,3392.36,3310.11,3367.95,6841651
AMZN,2026-03-17T18:00:24.190Z,3367.95,3403.84,3361.12,3369.41,4300583
AMZN,2026-03-18T18:00:24.190Z,3369.41,3385.42,3319.26,3341.84,3001580
AMZN,2026-03-19T18:00:24.190Z,3341.84,3384.75,3271.44,3323.20,4260473
AMZN,2026-03-20T18:00:24.190Z,3323.20,3412.22,3313.99,3349.34,10921328
AMZN,2026-03-21T18:00:24.190Z,3349.34,3422.16,3339.23,3376.92,8182608
AMZN,2026-03-22T18:00:24.190Z,3376.92,3466.37,3311.99,3411.93,7893256
AMZN,2026-03-23T18:00:24.190Z,3411.93,3459.71,3373.07,3403.84,3001532
AMZN,2026-03-24T18:00:24.190Z,3403.84,3441.36,3347.58,3420.84,2572791
AMZN,2026-03-25T18:00:24.190Z,3420.84,3504.27,3380.36,3443.09,4417842
AMZN,2026-03-26T18:00:24.190Z,3443.09,3474.82,3433.16,3466.55,1506284
AMZN,2026-03-27T18:00:24.190Z,3466.55,3515.85,3444.66,3480.52,1287834
AMZN,2026-03-28T18:00:24.190Z,3480.52,3517.04,3414.98,3500.13,8166399
AMZN,2026-03-29T18:00:24.190Z,3500.13,3513.34,3476.41,3509.13,10896887
AMZN,2026-03-30T18:00:24.190Z,3509.13,3590.47,3452.50,3521.07,2636318
AMZN,2026-03-31T18:00:24.190Z,3521.07,3556.86,3479.07,3535.00,10645613
AMZN,2026-04-01T18:00:24.190Z,3535.00,3573.03,3507.13,3532.14,8025236
AMZN,2026-04-02T18:00:24.190Z,3532.14,3598.72,3506.18,3506.86,10423816
AMZN,2026-04-03T18:00:24.190Z,3506.86,3553.07,3483.84,3533.09,6638927
AMZN,2026-04-04T18:00:24.190Z,3533.09,3587.46,3454.79,3518.81,2113554
AMZN,2026-04-05T18:00:24.190Z,3518.81,3576.53,3490.05,3542.92,5886808
AMZN,2026-04-06T18:00:24.190Z,3542.92,3623.38,3502.04,3577.93,1744320
AMZN,2026-04-07T18:00:24.190Z,3577.93,3621.35,3562.30,3602.53,2867258
AMZN,2026-04-08T18:00:24.190Z,3602.53,3610.00,3501.51,3568.24,1208043
AMZN,2026-04-09T18:00:24.190Z,3568.24,3639.55,3531.06,3601.48,6413834
AMZN,2026-04-10T18:00:24.190Z,3601.48,3643.96,3550.50,3618.24,6397365
AMZN,2026-04-11T18:00:24.190Z,3618.24,3644.32,3544.25,3613.06,6198624
AMZN,2026-04-12T18:00:24.190Z,3613.06,3633.98,3585.23,3633.10,7271601
AMZN,2026-04-13T18:00:24.190Z,3633.10,3688.19,3618.39,3651.03,4863073
AMZN,2026-04-14T18:00:24.190Z,3651.03,3693.82,3610.97,3688.48,1918186
AMZN,2026-04-15T18:00:24.190Z,3688.48,3715.26,3636.50,3655.90,7633130
AMZN,2026-04-16T18:00:24.190Z,3655.90,3708.52,3646.31,3687.60,4749190
AMZN,2026-04-17T18:00:24.190Z,3687.60,3713.64,3611.74,3657.65,6413732
AMZN,2026-04-18T18:00:24.190Z,3657.65,3729.72,3611.71,3664.80,10623912
AMZN,2026-04-19T18:00:24.190Z,3664.80,3716.19,3607.34,3688.15,1107742
AMZN,2026-04-20T18:00:24.190Z,3688.15,3701.19,3633.79,3673.26,7138247
AMZN,2026-04-21T18:00:24.190Z,3673.26,3720.43,3668.94,3696.20,10124164
AMZN,2026-04-22T18:00:24.190Z,3696.20,3769.67,3623.30,3669.34,1764952
AMZN,2026-04-23T18:00:24.190Z,3669.34,3699.46,3621.28,3647.13,6278647
AMZN,2026-04-24T18:00:24.190Z,3647.13,3679.61,3609.69,3620.25,3857939
AMZN,2026-04-25T18:00:24.190Z,3620.25,3654.47,3598.34,3606.42,6697311
AMZN,2026-04-26T18:00:24.190Z,3606.42,3660.42,3594.59,3617.11,7197100
AMZN,2026-04-27T18:00:24.190Z,3617.11,3658.97,3592.59,3596.17,8056563
AMZN,2026-04-28T18:00:24.190Z,3596.17,3601.35,3520.02,3583.59,2369847
AMZN,2026-04-29T18:00:24.190Z,3583.59,3651.78,3543.73,3567.35,3302870
AMZN,2026-04-30T18:00:24.190Z,3567.35,3599.07,3525.91,3570.45,8819510
AMZN,2026-05-01T18:00:24.190Z,3570.45,3596.29,3517.13,3545.22,3738490
AMZN,2026-05-02T18:00:24.190Z,3545.22,3569.92,3517.26,3534.45,2736166
AMZN,2026-05-03T18:00:24.190Z,3534.45,3558.52,3489.32,3519.01,5976261
AMZN,2026-05-04T18:00:24.190Z,3519.01,3531.98,3457.70,3514.29,3394788
AMZN,2026-05-05T18:00:24.190Z,3514.29,3529.37,3474.53,3516.12,2816708
AMZN,2026-05-06T18:00:24.190Z,3516.12,3562.06,3456.18,3536.44,2222271
AMZN,2026-05-07T18:00:24.190Z,3536.44,3571.37,3497.49,3503.98,2451371
AMZN,2026-05-08T18:00:24.190Z,3503.98,3573.85,3460.36,3505.87,8124653
AMZN,2026-05-09T18:00:24.190Z,3505.87,3511.25,3425.31,3487.30,3183576
AMZN,2026-05-10T18:00:24.190Z,3487.30,3536.96,3421.76,3475.57,9683485
AMZN,2026-05-11T18:00:24.190Z,3475.57,3525.66,3394.41,3445.27,4140687
AMZN,2026-05-12T18:00:24.190Z,3445.27,3455.82,3406.61,3418.24,1042864
AMZN,2026-05-13T18:00:24.190Z,3418.24,3466.42,3399.43,3424.43,4781851
AMZN,2026-05-14T18:00:24.190Z,3424.43,3491.55,3366.41,3409.81,6806919
AMZN,2026-05-15T18:00:24.190Z,3409.81,3435.90,3350.31,3405.52,10979335
AMZN,2026-05-16T18:00:24.190Z,3405.52,3428.75,3379.37,3394.06,7477944
AMZN,2026-05-17T18:00:24.190Z,3394.06,3446.48,3377.93,3411.40,2402064
AMZN,2026-05-18T18:00:24.190Z,3411.40,3471.39,3406.98,3433.12,6641034
AMZN,2026-05-19T18:00:24.190Z,3433.12,3448.77,3371.10,3442.30,5233469
AMZN,2026-05-20T18:00:24.190Z,3442.30,3469.32,3395.86,3432.42,9994114
AMZN,2026-05-21T18:00:24.190Z,3432.42,3486.34,3361.43,3413.47,10778304
AMZN,2026-05-22T18:00:24.190Z,3413.47,3446.81,3350.76,3402.15,4701254
AMZN,2026-05-23T18:00:24.190Z,3402.15,3476.15,3342.75,3419.39,6154393
AMZN,2026-05-24T18:00:24.190Z,3419.39,3444.94,3381.32,3413.04,9191281
AMZN,2026-05-25T18:00:24.190Z,3413.04,3456.54,3383.30,3428.13,8586553
AMZN,2026-05-26T18:00:24.190Z,3428.13,3437.20,3409.19,3428.67,8801799
AMZN,2026-05-27T18:00:24.190Z,3428.67,3458.75,3413.18,3454.78,2325732
AMZN,2026-05-28T18:00:24.190Z,3454.78,3501.53,3409.24,3456.32,2306453
AMZN,2026-05-29T18:00:24.190Z,3456.32,3509.41,3439.86,3482.86,2880224
AMZN,2026-05-30T18:00:24.190Z,3482.86,3555.68,3469.19,3487.80,5170861
AMZN,2026-05-31T18:00:24.190Z,3487.80,3523.59,3424.81,3519.04,3502703
AMZN,2026-06-01T18:00:24.190Z,3519.04,3578.63,3447.55,3517.23,6108024
AMZN,2026-06-02T18:00:24.190Z,3517.23,3582.99,3464.68,3506.28,8282151
AMZN,2026-06-03T18:00:24.190Z,3506.28,3553.24,3478.69,3503.86,3831729
AMZN,2026-06-04T18:00:24.190Z,3503.86,3571.93,3458.10,3490.87,2327303
AMZN,2026-06-05T18:00:24.190Z,3490.87,3556.48,3410.19,3462.78,7229346
AMZN,2026-06-06T18:00:24.190Z,3462.78,3515.82,3455.41,3484.67,3355767
AMZN,2026-06-07T18:00:24.190Z,3484.67,3567.53,3480.63,3514.45,8395768
AMZN,2026-06-08T18:00:24.190Z,3514.45,3561.55,3469.63,3537.89,2119301
AMZN,2026-06-09T18:00:24.190Z,3537.89,3638.77,3525.67,3573.36,5369145
AMZN,2026-06-10T18:00:24.190Z,3573.36,3649.89,3543.55,3586.15,4394507
AMZN,2026-06-11T18:00:24.190Z,3586.15,3641.08,3545.73,3594.67,10514417
AMZN,2026-06-12T18:00:24.190Z,3594.67,3664.63,3538.60,3581.65,6543413
AMZN,2026-06-13T18:00:24.190Z,3581.65,3593.32,3518.10,3562.18,9064439
AMZN,2026-06-14T18:00:24.190Z,3562.18,3635.43,3556.48,3570.96,4643187
AMZN,2026-06-15T18:00:24.190Z,3570.96,3624.90,3503.05,3600.82,2956355
AMZN,2026-06-16T18:00:24.190Z,3600.82,3667.22,3535.31,3574.67,1874829
AMZN,2026-06-17T18:00:24.190Z,3574.67,3591.40,3517.53,3555.22,6360727
AMZN,2026-06-18T18:00:24.190Z,3555.22,3604.20,3541.95,3568.87,1577620
AMZN,2026-06-19T18:00:24.190Z,3568.87,3628.15,3534.10,3584.53,10259493
AMZN,2026-06-20T18:00:24.190Z,3584.53,3605.27,3548.98,3562.21,9244228
AMZN,2026-06-21T18:00:24.190Z,3562.21,3594.24,3494.77,3531.05,2356584
AMZN,2026-06-22T18:00:24.190Z,3531.05,3578.49,3497.94,3521.59,7920239
AMZN,2026-06-23T18:00:24.190Z,3521.59,3591.68,3477.65,3500.38,2728063
AMZN,2026-06-24T18:00:24.190Z,3500.38,3561.46,3454.24,3503.33,3653885
AMZN,2026-06-25T18:00:24.190Z,3503.33,3553.18,3446.10,3496.30,9435503
AMZN,2026-06-26T18:00:24.190Z,3496.30,3499.95,3463.27,3471.03,5444349
AMZN,2026-06-27T18:00:24.190Z,3471.03,3502.56,3405.35,3482.28,10429227
AMZN,2026-06-28T18:00:24.190Z,3482.28,3570.21,3461.35,3517.72,7317915
AMZN,2026-06-29T18:00:24.190Z,3517.72,3592.54,3508.73,3540.40,5380752
AMZN,2026-06-30T18:00:24.190Z,3540.40,3569.28,3449.91,3509.24,7470880
AMZN,2026-07-01T18:00:24.190Z,3509.24,3561.95,3417.75,3479.53,7934499
AMZN,2026-07-02T18:00:24.190Z,3479.53,3485.00,3455.20,3458.20,6078112
AMZN,2026-07-03T18:00:24.190Z,3458.20,3528.53,3406.51,3483.32,3446260
AMZN,2026-07-04T18:00:24.190Z,3483.32,3499.31,3401.16,3466.88,2899212
AMZN,2026-07-05T18:00:24.190Z,3466.88,3521.15,3461.10,3479.90,10858446
AMZN,2026-07-06T18:00:24.190Z,3479.90,3506.75,3476.77,3486.76,7298226
AMZN,2026-07-07T18:00:24.190Z,3486.76,3555.16,3431.03,3513.21,9746920
AMZN,2026-07-08T18:00:24.190Z,3513.21,3579.59,3464.90,3548.04,3223972
AMZN,2026-07-09T18:00:24.190Z,3548.04,3614.89,3486.91,3530.39,7229580
AMZN,2026-07-10T18:00:24.190Z,3530.39,3586.03,3471.81,3537.25,7724656
AMZN,2026-07-11T18:00:24.190Z,3537.25,3551.56,3535.60,3547.50,4544570
AMZN,2026-07-12T18:00:24.190Z,3547.50,3620.81,3479.05,3562.16,7521980
AMZN,2026-07-13T18:00:24.190Z,3562.16,3593.49,3508.30,3551.73,3611407
AMZN,2026-07-14T18:00:24.190Z,3551.73,3627.78,3496.12,3571.47,2740441
AMZN,2026-07-15T18:00:24.190Z,3571.47,3585.77,3524.95,3541.25,8270906
AMZN,2026-07-16T18:00:24.190Z,3541.25,3584.19,3468.07,3521.07,5662999
AMZN,2026-07-17T18:00:24.190Z,3521.07,3570.17,3491.86,3532.77,5813794
AMZN,2026-07-18T18:00:24.190Z,3532.77,3574.82,3517.54,3545.88,8930012
AMZN,2026-07-19T18:00:24.190Z,3545.88,3579.21,3498.96,3548.13,2946048
AMZN,2026-07-20T18:00:24.190Z,3548.13,3611.96,3456.36,3519.35,2041148
AMZN,2026-07-21T18:00:24.190Z,3519.35,3583.25,3443.55,3510.14,5953160
AMZN,2026-07-22T18:00:24.190Z,3510.14,3536.12,3444.59,3503.01,7831496
AMZN,2026-07-23T18:00:24.190Z,3503.01,3543.90,3482.88,3525.66,5990243
AMZN,2026-07-24T18:00:24.190Z,3525.66,3534.82,3470.61,3525.11,2608759
AMZN,2026-07-25T18:00:24.190Z,3525.11,3577.93,3481.28,3519.17,3886648
AMZN,2026-07-26T18:00:24.190Z,3519.17,3525.73,3458.46,3521.53,5352615
AMZN,2026-07-27T18:00:24.190Z,3521.53,3563.45,3463.61,3495.77,5982543
AMZN,2026-07-28T18:00:24.190Z,3495.77,3544.77,3451.35,3487.39,8489401
AMZN,2026-07-29T18:00:24.190Z,3487.39,3554.76,3448.31,3511.52,8546628
AMZN,2026-07-30T18:00:24.190Z,3511.52,3576.96,3484.52,3502.93,10018088
AMZN,2026-07-31T18:00:24.190Z,3502.93,3562.68,3491.57,3497.40,10304297
AMZN,2026-08-01T18:00:24.190Z,3497.40,3527.31,3463.64,3469.58,8453461
AMZN,2026-08-02T18:00:24.190Z,3469.58,3507.73,3425.69,3463.35,10093805
AMZN,2026-08-03T18:00:24.190Z,3463.35,3528.18,3435.79,3436.89,6037281
AMZN,2026-08-04T18:00:24.190Z,3436.89,3489.59,3361.34,3429.83,6113091
AMZN,2026-08-05T18:00:24.190Z,3429.83,3521.14,3395.10,3452.21,10746298
AMZN,2026-08-06T18:00:24.190Z,3452.21,3471.65,3376.18,3443.19,10726668
AMZN,2026-08-07T18:00:24.190Z,3443.19,3497.03,3441.53,3462.81,6311847
AMZN,2026-08-08T18:00:24.190Z,3462.81,3497.33,3433.72,3492.65,1420701
AMZN,2026-08-09T18:00:24.190Z,3492.65,3496.16,3445.10,3483.17,1033156
AMZN,2026-08-10T18:00:24.190Z,3483.17,3505.73,3438.23,3457.48,4462070
AMZN,2026-08-11T18:00:24.190Z,3457.48,3485.51,3407.30,3479.24,2256286
AMZN,2026-08-12T18:00:24.190Z,3479.24,3529.29,3462.51,3472.49,2587885
AMZN,2026-08-13T18:00:24.190Z,3472.49,3570.86,3414.31,3505.73,1711309
AMZN,2026-08-14T18:00:24.190Z,3505.73,3542.50,3484.42,3505.66,5707511
AMZN,2026-08-15T18:00:24.190Z,3505.66,3566.09,3454.36,3484.84,5387265
AMZN,2026-08-16T18:00:24.190Z,3484.84,3487.21,3431.13,3460.87,5347244
AMZN,2026-08-17T18:00:24.190Z,3460.87,3519.48,3446.89,3461.17,9322266
AMZN,2026-08-18T18:00:24.190Z,3461.17,3541.68,3418.53,3478.97,7528732
AMZN,2026-08-19T18:00:24.190Z,3478.97,3494.74,3473.68,3475.28,1915428
AMZN,2026-08-20T18:00:24.190Z,3475.28,3571.72,3459.69,3505.60,3876101
AMZN,2026-08-21T18:00:24.190Z,3505.60,3530.54,3497.09,3508.42,3600188
AMZN,2026-08-22T18:00:24.190Z,3508.42,3524.72,3447.64,3484.36,2662244
AMZN,2026-08-23T18:00:24.190Z,3484.36,3525.20,3470.74,3496.60,6529956
AMZN,2026-08-24T18:00:24.190Z,3496.60,3530.90,3471.04,3516.20,9646326
AMZN,2026-08-25T18:00:24.190Z,3516.20,3581.11,3491.04,3512.50,10828154
AMZN,2026-08-26T18:00:24.190Z,3512.50,3589.68,3460.05,3538.30,4314252
AMZN,2026-08-27T18:00:24.190Z,3538.30,3575.23,3449.41,3513.39,7253469
AMZN,2026-08-28T18:00:24.190Z,3513.39,3568.73,3507.61,3509.66,5973531
AMZN,2026-08-29T18:00:24.190Z,3509.66,3548.97,3445.89,3500.66,9047571
AMZN,2026-08-30T18:00:24.190Z,3500.66,3556.13,3430.06,3484.44,3393098
AMZN,2026-08-31T18:00:24.190Z,3484.44,3531.68,3467.29,3512.73,2156465
AMZN,2026-09-01T18:00:24.190Z,3512.73,3538.53,3500.99,3535.21,3689911
AMZN,2026-09-02T18:00:24.190Z,3535.21,3617.69,3521.57,3552.59,8674491
AMZN,2026-09-03T18:00:24.190Z,3552.59,3603.33,3546.24,3568.60,2123970
AMZN,2026-09-04T18:00:24.190Z,3568.60,3609.48,3513.08,3547.00,6157610
AMZN,2026-09-05T18:00:24.190Z,3547.00,3555.52,3488.98,3553.53,6465341
AMZN,2026-09-06T18:00:24.190Z,3553.53,3575.18,3485.19,3553.14,3132537
AMZN,2026-09-07T18:00:24.190Z,3553.14,3605.01,3551.03,3576.87,2551133
AMZN,2026-09-08T18:00:24.190Z,3576.87,3638.39,3499.30,3551.74,10953021
AMZN,2026-09-09T18:00:24.190Z,3551.74,3630.32,3498.22,3572.22,7867349
AMZN,2026-09-10T18:00:24.190Z,3572.22,3625.44,3521.09,3564.68,4686378
AMZN,2026-09-11T18:00:24.190Z,3564.68,3593.71,3491.98,3548.10,3154780
AMZN,2026-09-12T18:00:24.190Z,3548.10,3616.77,3477.79,3582.22,2182995
AMZN,2026-09-13T18:00:24.190Z,3582.22,3613.62,3519.35,3610.71,8650959
AMZN,2026-09-14T18:00:24.190Z,3610.71,3711.06,3600.23,3647.86,5030110
AMZN,2026-09-15T18:00:24.190Z,3647.86,3684.91,3605.13,3674.64,7355838
AMZN,2026-09-16T18:00:24.190Z,3674.64,3701.17,3660.80,3676.64,2326822
AMZN,2026-09-17T18:00:24.190Z,3676.64,3697.93,3619.34,3682.42,6055679
AMZN,2026-09-18T18:00:24.190Z,3682.42,3752.05,3634.09,3696.25,2255046
AMZN,2026-09-19T18:00:24.190Z,3696.25,3753.09,3668.04,3713.30,6671852
AMZN,2026-09-20T18:00:24.190Z,3713.30,3774.01,3648.29,3746.43,9388316
AMZN,2026-09-21T18:00:24.190Z,3746.43,3792.11,3685.50,3724.10,7897685
AMZN,2026-09-22T18:00:24.190Z,3724.10,3788.87,3686.50,3722.23,1122302
AMZN,2026-09-23T18:00:24.190Z,3722.23,3747.42,3709.26,3723.32,6248813
AMZN,2026-09-24T18:00:24.190Z,3723.32,3795.11,3692.35,3706.71,9769791
AMZN,2026-09-25T18:00:24.190Z,3706.71,3752.92,3672.57,3690.66,1503592
AMZN,2026-09-26T18:00:24.190Z,3690.66,3720.38,3621.21,3715.18,5250724
AMZN,2026-09-27T18:00:24.190Z,3715.18,3757.64,3652.15,3698.37,7186489
AMZN,2026-09-28T18:00:24.190Z,3698.37,3706.68,3620.50,3694.12,1409255
AMZN,2026-09-29T18:00:24.190Z,3694.12,3712.89,3645.64,3677.54,6253026
AMZN,2026-09-30T18:00:24.190Z,3677.54,3729.78,3616.81,3666.38,6474006
AMZN,2026-10-01T18:00:24.190Z,3666.38,3691.41,3616.53,3666.39,5878532
AMZN,2026-10-02T18:00:24.190Z,3666.39,3728.52,3581.80,3647.82,7275639
AMZN,2026-10-03T18:00:24.190Z,3647.82,3681.38,3591.40,3640.80,8955593
AMZN,2026-10-04T18:00:24.190Z,3640.80,3646.25,3574.39,3606.57,10637472
